order_details_id,order_id,pizza_id,quantity
4157,1846,big_meat_s,1
4158,1847,classic_dlx_m,1
4159,1848,classic_dlx_l,1
4160,1848,ital_cpcllo_m,1
4161,1849,five_cheese_l,1
4162,1849,four_cheese_l,1
4163,1849,sicilian_s,1
4164,1850,hawaiian_s,1
4165,1850,mexicana_s,1
4166,1851,big_meat_s,2
4167,1851,cali_ckn_l,1
4168,1851,classic_dlx_m,1
4169,1851,ital_veggie_s,1
4170,1851,napolitana_m,1
4171,1851,pepperoni_s,1
4172,1851,peppr_salami_m,1
4173,1851,soppressata_m,1
4174,1851,spicy_ital_l,1
4175,1851,spinach_fet_s,1
4176,1851,spinach_supr_l,1
4177,1851,thai_ckn_l,1
4178,1852,calabrese_m,1
4179,1852,four_cheese_l,1
4180,1853,ital_supr_m,1
4181,1853,napolitana_m,1
4182,1854,big_meat_s,1
4183,1855,ckn_pesto_s,1
4184,1855,peppr_salami_m,1
4185,1855,southw_ckn_s,1
4186,1855,spinach_fet_m,1
4187,1856,sicilian_m,1
4188,1857,calabrese_l,1
4189,1858,spicy_ital_s,1
4190,1859,peppr_salami_l,1
4191,1860,classic_dlx_l,1
4192,1861,spin_pesto_l,1
4193,1862,cali_ckn_l,1
4194,1862,mexicana_l,1
4195,1863,brie_carre_s,1
4196,1864,peppr_salami_s,1
4197,1865,bbq_ckn_m,1
4198,1865,ckn_alfredo_l,1
4199,1865,prsc_argla_l,1
4200,1865,spin_pesto_l,1
4201,1866,brie_carre_s,1
4202,1866,classic_dlx_m,1
4203,1866,ital_supr_m,1
4204,1866,soppressata_l,1
4205,1866,southw_ckn_s,1
4206,1866,spinach_supr_s,1
4207,1867,spicy_ital_m,1
4208,1868,five_cheese_l,1
4209,1868,spinach_supr_l,1
4210,1869,ital_veggie_m,1
4211,1869,pepperoni_m,1
4212,1869,prsc_argla_l,1
4213,1869,prsc_argla_m,1
4214,1870,big_meat_s,1
4215,1871,ital_cpcllo_l,1
4216,1872,ital_supr_l,1
4217,1872,mexicana_l,1
4218,1872,peppr_salami_l,1
4219,1872,thai_ckn_l,1
4220,1873,cali_ckn_s,1
4221,1873,sicilian_l,1
4222,1874,sicilian_l,1
4223,1875,pepperoni_m,1
4224,1875,southw_ckn_l,1
4225,1876,bbq_ckn_l,1
4226,1876,calabrese_m,1
4227,1876,four_cheese_l,1
4228,1876,spin_pesto_s,1
4229,1877,southw_ckn_l,1
4230,1877,spin_pesto_s,1
4231,1878,classic_dlx_s,1
4232,1878,napolitana_l,1
4233,1879,big_meat_s,2
4234,1880,ital_cpcllo_l,1
4235,1880,ital_veggie_m,1
4236,1880,mexicana_m,1
4237,1881,napolitana_m,1
4238,1881,pepperoni_s,1
4239,1882,cali_ckn_m,1
4240,1882,five_cheese_l,1
4241,1883,hawaiian_s,2
4242,1884,cali_ckn_m,1
4243,1884,green_garden_s,1
4244,1884,hawaiian_m,1
4245,1884,thai_ckn_l,1
4246,1885,classic_dlx_m,1
4247,1885,ital_supr_l,1
4248,1885,spicy_ital_s,1
4249,1885,spin_pesto_l,1
4250,1886,mexicana_l,1
4251,1887,cali_ckn_m,1
4252,1887,classic_dlx_m,1
4253,1887,ital_cpcllo_m,1
4254,1887,pepperoni_s,1
4255,1887,southw_ckn_m,1
4256,1888,calabrese_m,1
4257,1888,napolitana_s,1
4258,1889,bbq_ckn_l,1
4259,1889,ital_supr_l,1
4260,1890,five_cheese_l,1
4261,1890,pep_msh_pep_s,1
4262,1891,calabrese_l,1
4263,1891,cali_ckn_m,1
4264,1891,spicy_ital_l,1
4265,1891,the_greek_l,1
4266,1892,cali_ckn_m,1
4267,1892,hawaiian_s,1
4268,1892,sicilian_l,1
4269,1893,thai_ckn_l,1
4270,1894,classic_dlx_s,1
4271,1894,the_greek_xl,1
4272,1895,calabrese_m,1
4273,1895,southw_ckn_l,1
4274,1895,spicy_ital_s,1
4275,1895,thai_ckn_l,1
4276,1896,cali_ckn_l,1
4277,1897,pep_msh_pep_l,1
4278,1897,southw_ckn_l,1
4279,1897,thai_ckn_s,1
4280,1898,ckn_alfredo_m,1
4281,1899,ckn_alfredo_l,1
4282,1899,peppr_salami_l,1
4283,1900,hawaiian_l,1
4284,1901,bbq_ckn_m,1
4285,1901,four_cheese_l,1
4286,1902,four_cheese_l,1
4287,1902,ital_cpcllo_s,1
4288,1903,four_cheese_m,1
4289,1904,big_meat_s,1
4290,1904,classic_dlx_m,1
4291,1904,ital_supr_l,1
4292,1904,pepperoni_s,1
4293,1905,bbq_ckn_m,1
4294,1905,cali_ckn_m,1
4295,1905,classic_dlx_s,1
4296,1906,five_cheese_l,1
4297,1907,spinach_fet_s,1
4298,1908,bbq_ckn_m,1
4299,1909,ital_supr_l,1
4300,1910,bbq_ckn_m,1
4301,1911,cali_ckn_m,1
4302,1912,pep_msh_pep_s,1
4303,1912,prsc_argla_m,1
4304,1913,cali_ckn_m,1
4305,1914,pepperoni_s,1
4306,1915,pepperoni_m,1
4307,1915,spicy_ital_l,1
4308,1916,bbq_ckn_l,1
4309,1916,napolitana_m,1
4310,1917,brie_carre_s,1
4311,1917,mexicana_l,1
4312,1917,southw_ckn_l,1
4313,1917,the_greek_m,1
4314,1918,cali_ckn_s,1
4315,1919,spicy_ital_m,1
4316,1920,bbq_ckn_m,1
4317,1920,prsc_argla_s,1
4318,1921,ital_veggie_s,1
4319,1922,ckn_pesto_l,1
4320,1922,green_garden_m,1
4321,1922,the_greek_xl,1
4322,1922,veggie_veg_l,1
4323,1923,bbq_ckn_m,1
4324,1923,classic_dlx_m,1
4325,1924,bbq_ckn_s,1
4326,1924,prsc_argla_s,1
4327,1924,spinach_fet_m,1
4328,1925,ital_supr_m,1
4329,1925,pepperoni_s,1
4330,1926,green_garden_s,1
4331,1926,pepperoni_s,1
4332,1927,soppressata_l,1
4333,1927,spicy_ital_l,1
4334,1927,thai_ckn_l,1
4335,1928,bbq_ckn_l,1
4336,1929,cali_ckn_m,1
4337,1929,classic_dlx_s,1
4338,1929,hawaiian_l,1
4339,1929,napolitana_l,1
4340,1930,calabrese_m,1
4341,1931,big_meat_s,1
4342,1931,southw_ckn_m,1
4343,1932,cali_ckn_l,1
4344,1932,thai_ckn_m,1
4345,1933,cali_ckn_m,1
4346,1933,ital_veggie_m,1
4347,1933,thai_ckn_l,1
4348,1933,thai_ckn_m,1
4349,1934,cali_ckn_m,1
4350,1935,ital_veggie_s,1
4351,1935,prsc_argla_m,1
4352,1936,hawaiian_l,1
4353,1936,thai_ckn_l,1
4354,1937,sicilian_m,1
4355,1938,pepperoni_l,1
4356,1939,pepperoni_s,1
4357,1940,veggie_veg_l,1
4358,1941,pepperoni_s,1
4359,1942,classic_dlx_m,1
4360,1942,thai_ckn_s,1
4361,1943,five_cheese_l,1
4362,1943,hawaiian_l,1
4363,1944,four_cheese_m,1
4364,1944,spicy_ital_m,1
4365,1945,spinach_fet_s,1
4366,1946,cali_ckn_l,1
4367,1946,cali_ckn_m,1
4368,1946,ckn_alfredo_m,1
4369,1946,ital_cpcllo_l,1
4370,1946,mediterraneo_s,2
4371,1946,mexicana_m,2
4372,1946,sicilian_s,1
4373,1946,soppressata_l,1
4374,1947,bbq_ckn_m,1
4375,1947,thai_ckn_l,1
4376,1948,ital_supr_s,1
4377,1948,mexicana_l,1
4378,1948,pep_msh_pep_l,1
4379,1949,bbq_ckn_l,1
4380,1950,ital_cpcllo_l,1
4381,1951,pepperoni_l,1
4382,1951,spicy_ital_l,1
4383,1952,mexicana_l,1
4384,1953,ital_supr_m,1
4385,1954,pep_msh_pep_s,1
4386,1955,the_greek_s,1
4387,1956,calabrese_m,1
4388,1956,ckn_pesto_l,1
4389,1956,veggie_veg_m,1
4390,1957,big_meat_s,1
4391,1957,ckn_alfredo_l,1
4392,1957,ckn_pesto_l,1
4393,1957,green_garden_s,1
4394,1957,ital_supr_m,1
4395,1957,pep_msh_pep_s,1
4396,1957,pepperoni_l,1
4397,1957,peppr_salami_l,1
4398,1957,peppr_salami_s,1
4399,1957,spinach_fet_l,1
4400,1957,spinach_fet_m,1
4401,1957,thai_ckn_s,1
4402,1957,veggie_veg_m,1
4403,1957,veggie_veg_s,1
4404,1958,peppr_salami_l,1
4405,1959,thai_ckn_l,1
4406,1960,pepperoni_m,1
4407,1961,big_meat_s,1
4408,1961,mexicana_l,1
4409,1962,cali_ckn_l,1
4410,1963,big_meat_s,1
4411,1963,prsc_argla_m,1
4412,1963,spicy_ital_l,1
4413,1964,sicilian_s,1
4414,1964,spinach_supr_s,1
4415,1964,veggie_veg_m,1
4416,1965,five_cheese_l,1
4417,1965,four_cheese_l,1
4418,1965,hawaiian_l,1
4419,1965,ital_cpcllo_s,1
4420,1966,sicilian_m,1
4421,1966,soppressata_l,1
4422,1966,spicy_ital_l,1
4423,1966,spinach_supr_s,1
4424,1967,hawaiian_s,1
4425,1967,pep_msh_pep_s,1
4426,1967,southw_ckn_s,1
4427,1967,spinach_fet_s,1
4428,1968,big_meat_s,1
4429,1968,brie_carre_s,1
4430,1968,classic_dlx_l,1
4431,1969,hawaiian_s,1
4432,1970,bbq_ckn_s,1
4433,1971,ital_cpcllo_l,1
4434,1971,ital_cpcllo_s,1
4435,1972,calabrese_m,1
4436,1972,mexicana_m,1
4437,1972,pepperoni_m,1
4438,1972,prsc_argla_m,1
4439,1973,four_cheese_m,1
4440,1974,big_meat_s,1
4441,1974,ital_cpcllo_m,1
4442,1974,spin_pesto_l,1
4443,1975,classic_dlx_m,1
4444,1975,pepperoni_s,1
4445,1976,five_cheese_l,1
4446,1976,southw_ckn_m,1
4447,1976,thai_ckn_m,1
4448,1977,ckn_alfredo_m,1
4449,1978,pepperoni_m,1
4450,1979,the_greek_m,1
4451,1980,ital_cpcllo_l,1
4452,1981,ckn_alfredo_l,1
4453,1981,hawaiian_l,1
4454,1981,spicy_ital_s,1
4455,1981,spin_pesto_m,1
4456,1982,pepperoni_m,1
4457,1983,soppressata_m,1
4458,1984,big_meat_s,1
4459,1984,veggie_veg_s,1
4460,1985,prsc_argla_s,1
4461,1985,spin_pesto_l,1
4462,1986,bbq_ckn_m,1
4463,1986,napolitana_l,1
4464,1986,spinach_fet_l,1
4465,1986,veggie_veg_l,1
4466,1987,calabrese_m,1
4467,1987,ckn_alfredo_m,1
4468,1987,veggie_veg_s,1
4469,1988,cali_ckn_s,1
4470,1988,ckn_pesto_s,1
4471,1988,peppr_salami_l,1
4472,1989,bbq_ckn_m,1
4473,1989,veggie_veg_s,1
4474,1990,calabrese_m,1
4475,1990,hawaiian_l,1
4476,1990,spicy_ital_l,1
4477,1991,spinach_supr_s,1
4478,1992,ckn_alfredo_m,1
4479,1993,veggie_veg_l,1
4480,1994,cali_ckn_s,1
4481,1994,hawaiian_s,1
4482,1994,peppr_salami_m,1
4483,1994,spinach_supr_s,1
4484,1995,bbq_ckn_l,1
4485,1995,calabrese_m,1
4486,1995,five_cheese_l,1
4487,1995,spinach_supr_m,1
4488,1996,five_cheese_l,1
4489,1996,ital_cpcllo_m,1
4490,1996,sicilian_s,1
4491,1997,green_garden_s,1
4492,1998,spinach_fet_s,1
4493,1999,big_meat_s,1
4494,1999,calabrese_l,1
4495,1999,calabrese_m,1
4496,1999,ital_cpcllo_l,1
4497,1999,ital_supr_m,1
4498,1999,ital_veggie_m,1
4499,1999,napolitana_l,1
4500,1999,pep_msh_pep_s,1
4501,1999,spicy_ital_m,1
4502,1999,thai_ckn_l,1
4503,2000,bbq_ckn_m,1
4504,2000,big_meat_s,2
4505,2000,calabrese_m,1
4506,2000,four_cheese_l,1
4507,2000,pep_msh_pep_m,1
4508,2000,pepperoni_s,2
4509,2000,soppressata_l,1
4510,2000,spin_pesto_l,1
4511,2000,thai_ckn_l,1
4512,2000,veggie_veg_l,2
4513,2000,veggie_veg_s,1
4514,2001,calabrese_m,1
4515,2001,calabrese_s,1
4516,2001,four_cheese_l,1
4517,2001,ital_cpcllo_l,1
4518,2002,big_meat_s,1
4519,2002,ital_supr_l,1
4520,2002,spinach_fet_l,1
4521,2003,green_garden_m,1
4522,2004,ital_cpcllo_l,1
4523,2004,peppr_salami_s,1
4524,2004,prsc_argla_l,1
4525,2005,cali_ckn_m,1
4526,2005,ckn_alfredo_m,1
4527,2005,peppr_salami_s,1
4528,2005,spinach_supr_l,1
4529,2006,ckn_alfredo_l,1
4530,2006,green_garden_s,1
4531,2006,hawaiian_m,1
4532,2006,thai_ckn_s,1
4533,2007,bbq_ckn_s,1
4534,2007,spinach_fet_l,1
4535,2008,napolitana_l,1
4536,2009,the_greek_s,1
4537,2010,big_meat_s,1
4538,2010,pepperoni_s,1
4539,2010,sicilian_m,1
4540,2010,spinach_fet_s,1
4541,2011,ckn_alfredo_m,1
4542,2011,peppr_salami_l,1
4543,2011,spicy_ital_m,1
4544,2011,veggie_veg_l,1
4545,2012,spicy_ital_s,1
4546,2012,the_greek_xl,1
4547,2013,big_meat_s,2
4548,2013,brie_carre_s,1
4549,2013,classic_dlx_s,1
4550,2014,spicy_ital_l,1
4551,2015,hawaiian_m,1
4552,2016,bbq_ckn_m,1
4553,2016,green_garden_m,1
4554,2016,ital_veggie_s,1
4555,2017,bbq_ckn_s,1
4556,2017,ital_cpcllo_l,1
4557,2018,pepperoni_s,1
4558,2018,peppr_salami_l,1
4559,2018,sicilian_l,1
4560,2018,the_greek_xl,1
4561,2019,southw_ckn_l,1
4562,2020,big_meat_s,1
4563,2021,cali_ckn_l,1
4564,2021,ital_cpcllo_m,1
4565,2021,pepperoni_l,1
4566,2021,peppr_salami_m,1
4567,2022,ckn_pesto_l,1
4568,2022,the_greek_s,1
4569,2023,four_cheese_l,1
4570,2024,soppressata_s,1
4571,2024,southw_ckn_m,1
4572,2024,spinach_fet_l,1
4573,2025,cali_ckn_s,1
4574,2025,veggie_veg_l,1
4575,2026,mexicana_l,1
4576,2027,southw_ckn_s,1
4577,2027,spinach_fet_m,1
4578,2028,four_cheese_l,1
4579,2029,spinach_supr_s,1
4580,2029,thai_ckn_l,1
4581,2030,five_cheese_l,1
4582,2030,southw_ckn_s,1
4583,2031,cali_ckn_m,1
4584,2031,pepperoni_m,1
4585,2031,southw_ckn_s,1
4586,2032,the_greek_m,1
4587,2033,bbq_ckn_s,1
4588,2033,spicy_ital_l,1
4589,2033,spin_pesto_s,1
4590,2033,veggie_veg_m,1
4591,2034,big_meat_s,1
4592,2034,pepperoni_m,1
4593,2035,classic_dlx_s,1
4594,2036,bbq_ckn_s,1
4595,2036,five_cheese_l,1
4596,2036,ital_cpcllo_l,1
4597,2037,mediterraneo_s,1
4598,2038,sicilian_m,1
4599,2039,pep_msh_pep_s,1
4600,2040,four_cheese_m,1
4601,2041,classic_dlx_m,1
4602,2042,bbq_ckn_l,1
4603,2042,ital_supr_l,1
4604,2042,veggie_veg_l,1
4605,2043,the_greek_s,1
4606,2044,prsc_argla_m,1
4607,2044,spinach_supr_s,1
4608,2045,peppr_salami_m,1
4609,2046,ital_veggie_m,1
4610,2046,napolitana_s,1
4611,2047,pepperoni_m,1
4612,2047,prsc_argla_m,1
4613,2047,spinach_fet_l,1
4614,2048,spicy_ital_l,1
4615,2049,bbq_ckn_m,1
4616,2049,cali_ckn_m,1
4617,2049,veggie_veg_l,1
4618,2050,ital_veggie_m,1
4619,2050,pep_msh_pep_m,1
4620,2050,soppressata_m,1
4621,2050,spinach_supr_s,1
4622,2051,calabrese_m,1
4623,2051,cali_ckn_m,1
4624,2051,mexicana_l,1
4625,2051,spinach_supr_l,1
4626,2052,brie_carre_s,1
4627,2052,five_cheese_l,1
4628,2052,four_cheese_l,1
4629,2052,sicilian_s,1
4630,2053,four_cheese_l,2
4631,2053,pepperoni_l,1
4632,2054,four_cheese_l,2
4633,2054,ital_veggie_m,1
4634,2055,ckn_pesto_l,1
4635,2055,ital_cpcllo_m,1
4636,2056,pep_msh_pep_m,1
4637,2056,soppressata_l,1
4638,2056,veggie_veg_m,1
4639,2057,four_cheese_l,1
4640,2057,the_greek_xl,1
4641,2058,pepperoni_l,1
4642,2058,spicy_ital_m,1
4643,2059,ital_supr_m,1
4644,2059,southw_ckn_s,1
4645,2059,spicy_ital_s,1
4646,2060,ital_cpcllo_s,1
4647,2060,spicy_ital_l,1
4648,2061,ckn_pesto_s,1
4649,2061,spinach_supr_s,1
4650,2062,ital_cpcllo_m,1
4651,2063,big_meat_s,1
4652,2064,bbq_ckn_s,1
4653,2064,ckn_alfredo_m,1
4654,2064,mediterraneo_s,1
4655,2064,mexicana_l,1
4656,2065,ital_supr_s,1
4657,2065,sicilian_s,1
4658,2065,veggie_veg_l,1
4659,2066,hawaiian_l,1
4660,2066,hawaiian_s,1
4661,2067,spicy_ital_l,1
4662,2068,big_meat_s,1
4663,2068,brie_carre_s,1
4664,2069,pepperoni_m,1
4665,2069,spinach_fet_l,1
4666,2070,sicilian_l,1
4667,2070,veggie_veg_l,1
4668,2071,classic_dlx_m,1
4669,2072,ital_supr_m,1
4670,2073,bbq_ckn_l,1
4671,2073,green_garden_s,1
4672,2073,hawaiian_l,1
4673,2073,hawaiian_s,1
4674,2073,ital_cpcllo_l,1
4675,2073,ital_cpcllo_s,1
4676,2073,ital_supr_m,2
4677,2073,thai_ckn_l,1
4678,2073,thai_ckn_s,1
4679,2074,five_cheese_l,1
4680,2074,hawaiian_m,1
4681,2075,big_meat_s,1
4682,2075,brie_carre_s,1
4683,2075,cali_ckn_l,1
4684,2075,five_cheese_l,1
4685,2075,four_cheese_l,2
4686,2075,ital_veggie_m,1
4687,2075,mexicana_m,1
4688,2075,napolitana_m,1
4689,2075,pep_msh_pep_m,2
4690,2075,peppr_salami_s,1
4691,2075,spicy_ital_l,1
4692,2075,veggie_veg_m,1
4693,2075,veggie_veg_s,1
4694,2076,bbq_ckn_l,1
4695,2076,ital_veggie_s,1
4696,2077,ital_supr_s,1
4697,2078,bbq_ckn_s,1
4698,2078,spinach_fet_s,1
4699,2079,spicy_ital_l,1
4700,2080,cali_ckn_s,1
4701,2080,mediterraneo_l,1
4702,2081,mexicana_m,1
4703,2081,pep_msh_pep_m,1
4704,2081,pep_msh_pep_s,1
4705,2081,pepperoni_m,1
4706,2082,pep_msh_pep_s,1
4707,2083,ckn_pesto_s,1
4708,2084,four_cheese_l,1
4709,2084,ital_supr_l,1
4710,2085,ital_veggie_s,1
4711,2086,hawaiian_m,1
4712,2086,napolitana_s,1
4713,2087,bbq_ckn_l,1
4714,2087,four_cheese_l,1
4715,2088,spinach_supr_s,1
4716,2089,spicy_ital_l,1
4717,2090,bbq_ckn_l,1
4718,2090,ital_cpcllo_l,1
4719,2090,southw_ckn_m,1
4720,2090,spinach_fet_s,1
4721,2091,five_cheese_l,1
4722,2091,soppressata_l,1
4723,2092,hawaiian_m,1
4724,2092,mexicana_l,1
4725,2093,pepperoni_m,1
4726,2093,spinach_supr_m,1
4727,2094,hawaiian_s,1
4728,2094,ital_veggie_s,1
4729,2095,bbq_ckn_m,1
4730,2095,cali_ckn_m,1
4731,2095,ital_cpcllo_s,1
4732,2095,southw_ckn_m,1
4733,2096,pep_msh_pep_s,1
4734,2097,four_cheese_l,1
4735,2097,southw_ckn_l,1
4736,2097,the_greek_xl,1
4737,2098,classic_dlx_l,1
4738,2098,five_cheese_l,1
4739,2099,pepperoni_m,1
4740,2100,classic_dlx_m,1
4741,2100,ital_supr_l,1
4742,2101,brie_carre_s,1
4743,2101,classic_dlx_l,1
4744,2101,ital_supr_m,1
4745,2102,big_meat_s,1
4746,2102,ital_veggie_m,1
4747,2102,mexicana_l,1
4748,2103,bbq_ckn_l,1
4749,2103,calabrese_m,1
4750,2103,cali_ckn_l,1
4751,2103,southw_ckn_l,1
4752,2104,five_cheese_l,1
4753,2104,mexicana_l,1
4754,2104,southw_ckn_m,1
4755,2105,four_cheese_l,1
4756,2106,spinach_fet_l,1
4757,2106,the_greek_s,1
4758,2107,mediterraneo_l,1
4759,2107,peppr_salami_s,1
4760,2108,cali_ckn_s,1
4761,2108,five_cheese_l,1
4762,2108,spinach_fet_s,1
4763,2108,spinach_supr_m,1
4764,2109,cali_ckn_l,1
4765,2109,pepperoni_s,1
4766,2110,napolitana_l,1
4767,2110,prsc_argla_s,1
4768,2111,bbq_ckn_m,1
4769,2111,ckn_alfredo_m,1
4770,2111,ital_cpcllo_s,1
4771,2111,pepperoni_s,1
4772,2112,bbq_ckn_s,1
4773,2113,ckn_alfredo_m,1
4774,2113,mexicana_m,1
4775,2114,classic_dlx_m,1
4776,2115,big_meat_s,1
4777,2115,hawaiian_s,1
4778,2115,pepperoni_l,1
4779,2115,southw_ckn_l,1
4780,2116,mexicana_m,1
4781,2117,sicilian_m,1
4782,2118,cali_ckn_m,1
4783,2118,southw_ckn_l,1
4784,2118,southw_ckn_m,1
4785,2119,napolitana_l,1
4786,2120,the_greek_m,1
4787,2121,the_greek_l,1
4788,2122,ital_cpcllo_l,1
4789,2122,ital_cpcllo_m,1
4790,2123,spicy_ital_l,1
4791,2124,ital_supr_m,1
4792,2124,mexicana_m,1
4793,2124,sicilian_l,1
4794,2124,sicilian_s,1
4795,2124,soppressata_s,1
4796,2125,hawaiian_l,1
4797,2126,bbq_ckn_l,1
4798,2126,bbq_ckn_m,1
4799,2126,ckn_pesto_l,1
4800,2126,four_cheese_m,2
4801,2126,green_garden_s,1
4802,2126,hawaiian_l,1
4803,2126,mediterraneo_s,1
4804,2126,napolitana_l,1
4805,2126,pepperoni_l,1
4806,2126,peppr_salami_l,1
4807,2126,prsc_argla_l,1
4808,2126,sicilian_s,1
4809,2126,veggie_veg_l,1
4810,2127,classic_dlx_s,1
4811,2128,classic_dlx_l,1
4812,2128,sicilian_s,1
4813,2129,four_cheese_m,1
4814,2129,hawaiian_s,1
4815,2129,ital_supr_l,1
4816,2129,spinach_fet_l,1
4817,2130,spicy_ital_m,1
4818,2131,calabrese_m,1
4819,2132,brie_carre_s,1
4820,2132,hawaiian_m,1
4821,2132,napolitana_s,1
4822,2132,the_greek_s,1
4823,2133,spinach_fet_l,1
4824,2134,ital_cpcllo_l,1
4825,2134,pepperoni_s,1
4826,2134,spinach_fet_s,1
4827,2135,big_meat_s,1
4828,2135,four_cheese_l,1
4829,2135,green_garden_s,1
4830,2136,cali_ckn_m,1
4831,2136,classic_dlx_s,1
4832,2136,napolitana_l,1
4833,2137,calabrese_m,1
4834,2137,cali_ckn_s,1
4835,2137,hawaiian_s,1
4836,2138,hawaiian_m,1
4837,2138,veggie_veg_l,1
4838,2139,four_cheese_l,1
4839,2140,spin_pesto_s,1
4840,2141,pep_msh_pep_m,1
4841,2142,bbq_ckn_l,1
4842,2142,spinach_supr_l,1
4843,2143,classic_dlx_l,1
4844,2143,classic_dlx_m,1
4845,2143,classic_dlx_s,1
4846,2143,pepperoni_l,1
4847,2144,cali_ckn_m,1
4848,2144,southw_ckn_s,1
4849,2145,napolitana_l,1
4850,2145,spinach_fet_m,1
4851,2146,green_garden_m,1
4852,2146,ital_supr_m,1
4853,2147,five_cheese_l,1
4854,2147,pepperoni_l,1
4855,2147,pepperoni_m,1
4856,2147,spinach_supr_l,1
4857,2148,ital_supr_l,1
4858,2148,prsc_argla_m,1
4859,2149,ital_supr_m,1
4860,2150,ital_cpcllo_m,1
4861,2151,bbq_ckn_m,1
4862,2151,spin_pesto_m,1
4863,2152,ital_cpcllo_m,1
4864,2152,peppr_salami_l,1
4865,2153,hawaiian_s,1
4866,2153,spicy_ital_l,1
4867,2154,bbq_ckn_l,1
4868,2154,calabrese_l,1
4869,2155,ital_supr_m,1
4870,2155,thai_ckn_l,1
4871,2156,ital_supr_m,1
4872,2156,mexicana_l,1
4873,2156,soppressata_m,1
4874,2157,ital_cpcllo_m,1
4875,2157,southw_ckn_l,1
4876,2158,ital_supr_l,1
4877,2158,pepperoni_l,1
4878,2159,big_meat_s,1
4879,2159,cali_ckn_l,1
4880,2159,classic_dlx_s,1
4881,2159,hawaiian_l,1
4882,2160,pepperoni_l,1
4883,2161,bbq_ckn_l,1
4884,2161,peppr_salami_s,1
4885,2162,classic_dlx_s,1
4886,2162,southw_ckn_l,1
4887,2163,brie_carre_s,1
4888,2163,spinach_supr_l,1
4889,2164,ckn_alfredo_m,1
4890,2165,cali_ckn_l,1
4891,2165,southw_ckn_m,1
4892,2166,veggie_veg_m,1
4893,2167,spicy_ital_l,1
4894,2168,prsc_argla_m,1
4895,2169,prsc_argla_s,1
4896,2169,veggie_veg_s,1
4897,2170,five_cheese_l,1
4898,2171,prsc_argla_s,1
4899,2172,brie_carre_s,1
4900,2172,four_cheese_l,1
4901,2172,sicilian_m,1
4902,2172,sicilian_s,1
4903,2173,big_meat_s,1
4904,2174,peppr_salami_s,1
4905,2174,sicilian_l,1
4906,2174,soppressata_l,1
4907,2174,southw_ckn_m,1
4908,2175,five_cheese_l,1
4909,2176,calabrese_l,1
4910,2177,calabrese_l,1
4911,2177,pepperoni_l,1
4912,2178,hawaiian_s,1
4913,2179,pepperoni_m,1
4914,2180,classic_dlx_s,1
4915,2180,spin_pesto_l,1
4916,2181,four_cheese_l,1
4917,2181,four_cheese_m,1
4918,2182,big_meat_s,2
4919,2182,cali_ckn_l,1
4920,2182,classic_dlx_m,1
4921,2182,four_cheese_l,1
4922,2182,hawaiian_s,1
4923,2182,ital_cpcllo_m,1
4924,2182,ital_supr_l,1
4925,2182,peppr_salami_l,1
4926,2182,sicilian_s,1
4927,2183,bbq_ckn_l,1
4928,2183,ckn_pesto_m,1
4929,2183,napolitana_l,1
4930,2183,southw_ckn_s,1
4931,2184,big_meat_s,1
4932,2184,brie_carre_s,1
4933,2184,classic_dlx_m,1
4934,2185,ckn_alfredo_m,1
4935,2186,pep_msh_pep_m,1
4936,2187,calabrese_s,1
4937,2187,five_cheese_l,1
4938,2187,sicilian_l,1
4939,2187,southw_ckn_l,1
4940,2187,the_greek_s,1
4941,2188,calabrese_m,1
4942,2188,classic_dlx_s,1
4943,2188,five_cheese_l,1
4944,2188,hawaiian_m,1
4945,2188,hawaiian_s,1
4946,2188,ital_veggie_m,1
4947,2188,mediterraneo_l,1
4948,2188,pep_msh_pep_l,1
4949,2188,pep_msh_pep_m,1
4950,2188,pepperoni_m,1
4951,2188,soppressata_s,1
4952,2188,spicy_ital_l,1
4953,2188,spinach_fet_l,1
4954,2189,ckn_alfredo_m,1
4955,2189,prsc_argla_m,1
4956,2190,big_meat_s,1
4957,2190,napolitana_m,1
4958,2191,pep_msh_pep_s,1
4959,2191,spinach_fet_s,1
4960,2191,thai_ckn_m,1
4961,2192,thai_ckn_l,1
4962,2193,four_cheese_m,1
4963,2193,hawaiian_s,1
4964,2193,peppr_salami_m,1
4965,2193,prsc_argla_l,1
4966,2194,cali_ckn_m,1
4967,2194,classic_dlx_l,1
4968,2195,classic_dlx_m,1
4969,2195,peppr_salami_m,1
4970,2195,spinach_supr_l,1
4971,2196,southw_ckn_l,1
4972,2197,hawaiian_s,1
4973,2197,napolitana_s,1
4974,2198,cali_ckn_m,1
4975,2198,classic_dlx_m,1
4976,2198,green_garden_m,1
4977,2198,ital_cpcllo_l,1
4978,2199,sicilian_l,1
4979,2200,spin_pesto_m,1
4980,2201,mediterraneo_l,1
4981,2202,napolitana_s,1
4982,2202,spinach_fet_m,1
4983,2203,bbq_ckn_l,1
4984,2203,mexicana_m,1
4985,2203,southw_ckn_l,1
4986,2203,spinach_fet_s,1
4987,2204,spin_pesto_m,1
4988,2205,bbq_ckn_l,1
4989,2205,ital_supr_l,1
4990,2206,big_meat_s,1
4991,2206,cali_ckn_m,1
4992,2206,pep_msh_pep_s,1
4993,2207,thai_ckn_m,1
4994,2208,big_meat_s,1
4995,2208,hawaiian_l,1
4996,2209,southw_ckn_l,1
4997,2209,spicy_ital_s,1
4998,2209,veggie_veg_s,1
4999,2210,classic_dlx_s,1
5000,2211,green_garden_s,1
5001,2211,napolitana_s,1
5002,2212,pepperoni_l,1
5003,2213,five_cheese_l,1
5004,2213,thai_ckn_l,1
5005,2214,sicilian_s,1
5006,2214,spicy_ital_l,1
5007,2215,hawaiian_s,1
5008,2215,spicy_ital_l,1
5009,2216,ital_supr_m,1
5010,2216,sicilian_m,1
5011,2217,bbq_ckn_l,1
5012,2217,peppr_salami_m,1
5013,2217,sicilian_s,1
5014,2218,spin_pesto_s,1
5015,2218,spinach_fet_l,1
5016,2219,mediterraneo_l,1
5017,2219,veggie_veg_m,1
5018,2220,mediterraneo_s,1
5019,2221,calabrese_s,1
5020,2221,southw_ckn_m,1
5021,2221,thai_ckn_s,1
5022,2221,veggie_veg_m,1
5023,2222,bbq_ckn_m,1
5024,2222,calabrese_l,1
5025,2222,sicilian_m,1
5026,2223,the_greek_xl,1
5027,2224,ital_supr_s,1
5028,2225,sicilian_s,1
5029,2226,cali_ckn_l,1
5030,2226,pepperoni_l,1
5031,2226,spicy_ital_l,1
5032,2227,veggie_veg_m,1
5033,2228,napolitana_l,1
5034,2228,spin_pesto_m,1
5035,2229,cali_ckn_l,1
5036,2229,hawaiian_m,1
5037,2229,pep_msh_pep_m,1
5038,2230,classic_dlx_m,1
5039,2231,spinach_fet_l,1
5040,2232,bbq_ckn_m,1
5041,2232,five_cheese_l,1
5042,2232,ital_supr_l,1
5043,2233,hawaiian_l,1
5044,2234,big_meat_s,1
5045,2234,five_cheese_l,1
5046,2234,ital_supr_l,1
5047,2234,veggie_veg_m,1
5048,2235,napolitana_m,1
5049,2235,peppr_salami_l,1
5050,2236,ckn_pesto_m,1
5051,2236,peppr_salami_m,1
5052,2236,spin_pesto_s,1
5053,2237,cali_ckn_s,1
5054,2237,hawaiian_m,1
5055,2237,spicy_ital_l,1
5056,2238,the_greek_l,1
5057,2239,classic_dlx_m,1
5058,2240,brie_carre_s,1
5059,2240,spin_pesto_s,1
5060,2241,hawaiian_l,1
5061,2241,spinach_fet_m,1
5062,2241,thai_ckn_m,1
5063,2242,big_meat_s,1
5064,2242,cali_ckn_s,1
5065,2242,ital_cpcllo_m,1
5066,2242,ital_supr_m,1
5067,2242,mexicana_m,1
5068,2243,bbq_ckn_s,1
5069,2243,ckn_pesto_l,1
5070,2244,veggie_veg_s,1
5071,2245,spicy_ital_l,1
5072,2246,cali_ckn_m,1
5073,2246,classic_dlx_s,1
5074,2247,sicilian_l,1
5075,2248,ckn_alfredo_m,1
5076,2248,southw_ckn_l,1
5077,2249,spin_pesto_m,1
5078,2250,prsc_argla_m,1
5079,2251,thai_ckn_s,1
5080,2251,the_greek_l,1
5081,2252,big_meat_s,1
5082,2252,veggie_veg_s,1
5083,2253,bbq_ckn_l,1
5084,2254,bbq_ckn_m,2
5085,2254,brie_carre_s,1
5086,2254,classic_dlx_s,1
5087,2254,ital_supr_l,1
5088,2254,ital_supr_m,1
5089,2254,ital_veggie_m,1
5090,2254,sicilian_l,1
5091,2254,thai_ckn_s,1
5092,2254,veggie_veg_m,1
5093,2255,big_meat_s,1
5094,2255,classic_dlx_s,1
5095,2255,spicy_ital_l,1
5096,2256,four_cheese_m,1
5097,2256,pepperoni_l,1
5098,2256,thai_ckn_m,1
5099,2256,veggie_veg_m,1
5100,2257,big_meat_s,1
5101,2257,ital_supr_l,1
5102,2257,thai_ckn_l,1
5103,2258,the_greek_xl,1
5104,2259,prsc_argla_m,1
5105,2260,bbq_ckn_m,1
5106,2260,brie_carre_s,1
5107,2260,spin_pesto_s,1
5108,2260,spinach_fet_s,1
5109,2261,ital_cpcllo_m,1
5110,2262,four_cheese_m,1
5111,2262,prsc_argla_s,1
5112,2263,cali_ckn_m,1
5113,2263,spicy_ital_l,1
5114,2264,ital_cpcllo_l,1
5115,2264,spinach_fet_m,1
5116,2265,bbq_ckn_m,1
5117,2265,green_garden_s,1
5118,2265,hawaiian_s,1
5119,2265,veggie_veg_l,1
5120,2266,spinach_fet_s,1
5121,2267,ckn_alfredo_m,1
5122,2267,classic_dlx_m,1
5123,2267,soppressata_s,1
5124,2268,southw_ckn_m,1
5125,2269,big_meat_s,1
5126,2269,ital_supr_l,1
5127,2270,sicilian_s,1
5128,2270,thai_ckn_m,1
5129,2271,southw_ckn_s,1
5130,2272,ckn_pesto_l,1
5131,2272,ital_veggie_m,1
5132,2272,peppr_salami_l,1
5133,2272,spinach_fet_s,1
5134,2273,big_meat_s,1
5135,2273,calabrese_s,1
5136,2273,ital_cpcllo_l,1
5137,2274,veggie_veg_m,1
5138,2275,classic_dlx_m,1
5139,2275,hawaiian_l,1
5140,2276,ckn_alfredo_m,1
5141,2277,calabrese_m,1
5142,2277,four_cheese_l,1
5143,2277,four_cheese_m,1
5144,2277,soppressata_m,1
5145,2278,spinach_fet_l,1
5146,2278,veggie_veg_m,1
5147,2279,four_cheese_l,1
5148,2280,ital_supr_l,1
5149,2280,pepperoni_s,1
5150,2280,prsc_argla_s,1
5151,2280,spinach_fet_m,1
5152,2281,spinach_fet_l,1
5153,2282,the_greek_m,1
5154,2283,ckn_alfredo_m,1
5155,2283,five_cheese_l,1
5156,2283,green_garden_s,1
5157,2283,mexicana_s,1
5158,2284,cali_ckn_m,1
5159,2284,classic_dlx_m,1
5160,2284,ital_cpcllo_s,1
5161,2285,ital_supr_l,1
5162,2286,ital_cpcllo_l,1
5163,2287,ital_supr_l,1
5164,2288,thai_ckn_l,1
5165,2289,cali_ckn_l,1
5166,2289,prsc_argla_m,1
5167,2289,sicilian_s,1
5168,2289,spinach_fet_m,1
5169,2290,ital_cpcllo_m,1
5170,2291,cali_ckn_l,1
5171,2291,cali_ckn_m,1
5172,2291,five_cheese_l,1
5173,2292,classic_dlx_m,1
5174,2292,pepperoni_s,1
5175,2292,prsc_argla_l,1
5176,2292,southw_ckn_s,1
5177,2293,bbq_ckn_s,1
5178,2293,spicy_ital_l,1
5179,2294,prsc_argla_s,1
5180,2295,prsc_argla_m,1
5181,2296,cali_ckn_s,1
5182,2296,ital_supr_m,1
5183,2296,southw_ckn_l,1
5184,2296,spicy_ital_l,1
5185,2297,green_garden_s,1
5186,2298,ckn_pesto_l,1
5187,2298,classic_dlx_s,1
5188,2298,southw_ckn_l,1
5189,2298,thai_ckn_l,1
5190,2299,prsc_argla_m,1
5191,2299,the_greek_l,1
5192,2300,four_cheese_l,1
5193,2301,calabrese_m,1
5194,2301,cali_ckn_m,1
5195,2302,five_cheese_l,1
5196,2302,ital_cpcllo_l,1
5197,2303,ckn_alfredo_l,1
5198,2303,the_greek_l,1
5199,2304,big_meat_s,1
5200,2304,mediterraneo_l,1
5201,2305,big_meat_s,1
5202,2306,pepperoni_l,1
5203,2306,pepperoni_m,1
5204,2306,prsc_argla_s,1
5205,2307,spinach_fet_l,1
5206,2308,ital_supr_l,1
5207,2308,prsc_argla_s,1
5208,2308,spin_pesto_l,1
5209,2309,bbq_ckn_m,1
5210,2309,cali_ckn_m,2
5211,2309,ckn_alfredo_m,1
5212,2309,ckn_pesto_l,1
5213,2309,four_cheese_l,1
5214,2309,ital_supr_l,1
5215,2309,mexicana_s,1
5216,2309,spicy_ital_l,1
5217,2309,spin_pesto_s,1
5218,2310,pepperoni_l,1
5219,2311,spinach_fet_m,1
5220,2312,hawaiian_l,1
5221,2312,mediterraneo_s,1
5222,2312,southw_ckn_m,1
5223,2313,brie_carre_s,1
5224,2313,hawaiian_l,1
5225,2314,big_meat_s,1
5226,2314,southw_ckn_s,1
5227,2314,spicy_ital_l,1
5228,2315,five_cheese_l,1
5229,2315,ital_supr_m,1
5230,2315,pepperoni_s,1
5231,2315,prsc_argla_l,1
5232,2316,hawaiian_s,1
5233,2317,bbq_ckn_m,1
5234,2317,pep_msh_pep_s,1
5235,2317,peppr_salami_l,1
5236,2317,sicilian_s,1
5237,2318,spicy_ital_l,1
5238,2319,peppr_salami_l,1
5239,2319,prsc_argla_s,1
5240,2320,classic_dlx_l,1
5241,2321,ital_supr_l,1
5242,2322,ckn_alfredo_s,1
5243,2322,ital_cpcllo_m,1
5244,2322,pepperoni_m,1
5245,2322,thai_ckn_l,1
5246,2323,bbq_ckn_m,1
5247,2324,sicilian_s,1
5248,2325,peppr_salami_l,1
5249,2326,five_cheese_l,1
5250,2326,hawaiian_s,1
5251,2326,napolitana_s,1
5252,2326,thai_ckn_l,1
5253,2327,cali_ckn_l,1
5254,2327,napolitana_l,1
5255,2328,cali_ckn_s,1
5256,2329,hawaiian_s,1
5257,2329,spicy_ital_l,1
5258,2329,spinach_supr_m,1
5259,2330,pepperoni_m,1
5260,2330,prsc_argla_l,1
5261,2331,ital_veggie_m,1
5262,2331,spinach_fet_l,1
5263,2332,big_meat_s,1
5264,2332,ckn_alfredo_l,1
5265,2332,classic_dlx_s,1
5266,2333,ckn_pesto_s,1
5267,2333,ital_cpcllo_l,1
5268,2333,ital_cpcllo_m,1
5269,2333,spicy_ital_l,1
5270,2334,five_cheese_l,1
5271,2334,spicy_ital_l,1
5272,2334,spin_pesto_s,1
5273,2335,classic_dlx_s,1
5274,2335,southw_ckn_s,1
5275,2335,spicy_ital_s,1
5276,2336,pep_msh_pep_s,2
5277,2337,big_meat_s,1
5278,2337,hawaiian_s,1
5279,2338,thai_ckn_m,1
5280,2339,mediterraneo_s,1
5281,2339,the_greek_s,1
5282,2340,ital_veggie_s,1
5283,2340,veggie_veg_l,1
5284,2341,bbq_ckn_l,1
5285,2341,ital_supr_l,1
5286,2341,ital_veggie_m,1
5287,2342,thai_ckn_m,1
5288,2343,spicy_ital_l,1
5289,2343,thai_ckn_l,1
5290,2344,classic_dlx_s,1
5291,2344,hawaiian_l,1
5292,2344,ital_cpcllo_l,1
5293,2345,sicilian_m,1
5294,2346,bbq_ckn_m,1
5295,2346,cali_ckn_l,1
5296,2346,mediterraneo_l,1
5297,2346,prsc_argla_m,1
5298,2347,green_garden_s,1
5299,2347,pepperoni_l,1
5300,2347,southw_ckn_l,1
5301,2348,bbq_ckn_m,1
5302,2348,brie_carre_s,1
5303,2348,soppressata_m,1
5304,2349,spicy_ital_l,1
5305,2350,sicilian_m,1
5306,2351,hawaiian_m,1
5307,2351,prsc_argla_m,1
5308,2351,prsc_argla_s,1
5309,2351,spinach_supr_s,1
5310,2352,pep_msh_pep_s,1
5311,2352,thai_ckn_m,1
5312,2353,thai_ckn_s,1
5313,2354,mexicana_s,1
5314,2354,prsc_argla_m,1
5315,2354,spinach_supr_l,1
5316,2354,veggie_veg_l,1
5317,2355,mexicana_m,1
5318,2356,the_greek_s,1
5319,2357,the_greek_xl,1
5320,2358,cali_ckn_m,1
5321,2358,ital_supr_m,1
5322,2359,veggie_veg_l,1
5323,2360,cali_ckn_l,1
5324,2360,sicilian_l,1
5325,2361,pepperoni_m,1
5326,2362,four_cheese_l,1
5327,2362,napolitana_s,1
5328,2362,southw_ckn_m,1
5329,2363,classic_dlx_m,1
5330,2363,prsc_argla_s,1
5331,2363,sicilian_l,1
5332,2363,thai_ckn_l,1
5333,2364,bbq_ckn_m,1
5334,2364,hawaiian_l,1
5335,2364,ital_supr_m,1
5336,2364,ital_veggie_l,1
5337,2364,ital_veggie_m,1
5338,2364,ital_veggie_s,1
5339,2364,prsc_argla_l,1
5340,2364,sicilian_l,1
5341,2364,veggie_veg_l,1
5342,2365,hawaiian_l,1
5343,2366,ital_supr_m,1
5344,2366,thai_ckn_m,1
5345,2366,thai_ckn_s,1
5346,2367,pep_msh_pep_m,1
5347,2367,spinach_fet_l,1
5348,2368,southw_ckn_m,1
5349,2369,big_meat_s,1
5350,2369,cali_ckn_m,1
5351,2369,five_cheese_l,1
5352,2369,ital_supr_m,1
5353,2369,pepperoni_m,1
5354,2369,peppr_salami_l,1
5355,2369,sicilian_s,1
5356,2369,southw_ckn_l,1
5357,2369,southw_ckn_m,1
5358,2369,thai_ckn_l,1
5359,2369,the_greek_s,1
5360,2369,the_greek_xl,1
5361,2370,ital_veggie_m,1
5362,2370,thai_ckn_l,1
5363,2371,ckn_pesto_l,1
5364,2372,big_meat_s,1
5365,2372,five_cheese_l,1
5366,2372,green_garden_m,1
5367,2372,spicy_ital_m,1
5368,2373,spin_pesto_s,1
5369,2374,four_cheese_m,1
5370,2374,green_garden_s,1
5371,2374,ital_supr_m,1
5372,2374,pepperoni_m,1
5373,2375,bbq_ckn_m,1
5374,2375,napolitana_l,1
5375,2375,veggie_veg_s,1
5376,2376,bbq_ckn_m,1
5377,2376,classic_dlx_m,1
5378,2376,four_cheese_m,1
5379,2376,ital_cpcllo_s,1
5380,2377,hawaiian_s,1
5381,2377,spicy_ital_m,1
5382,2378,napolitana_l,1
5383,2378,prsc_argla_m,1
5384,2379,ital_cpcllo_s,1
5385,2379,mexicana_s,1
5386,2380,ckn_alfredo_m,1
5387,2380,napolitana_m,1
5388,2381,cali_ckn_l,1
5389,2381,cali_ckn_s,1
5390,2381,pepperoni_s,1
5391,2381,sicilian_s,1
5392,2382,bbq_ckn_m,1
5393,2382,big_meat_s,1
5394,2382,spicy_ital_l,1
5395,2382,the_greek_s,1
5396,2383,hawaiian_s,1
5397,2383,southw_ckn_l,2
5398,2384,soppressata_l,1
5399,2385,prsc_argla_l,1
5400,2386,hawaiian_s,1
5401,2386,mexicana_s,1
5402,2387,bbq_ckn_l,1
5403,2387,ckn_pesto_l,1
5404,2387,five_cheese_l,1
5405,2387,veggie_veg_m,1
5406,2388,classic_dlx_m,1
5407,2389,sicilian_l,1
5408,2390,mexicana_l,1
5409,2390,southw_ckn_s,1
5410,2391,prsc_argla_m,1
5411,2392,ckn_alfredo_l,1
5412,2392,ckn_pesto_m,1
5413,2393,green_garden_m,1
5414,2393,pepperoni_l,1
5415,2393,veggie_veg_m,1
5416,2394,bbq_ckn_l,1
5417,2394,ital_veggie_m,1
5418,2394,spinach_supr_s,1
5419,2395,cali_ckn_m,1
5420,2395,mediterraneo_s,1
5421,2396,spicy_ital_m,1
5422,2396,spin_pesto_m,1
5423,2396,the_greek_m,1
5424,2397,cali_ckn_l,1
5425,2397,napolitana_s,1
5426,2398,four_cheese_l,1
5427,2398,pep_msh_pep_s,1
5428,2398,the_greek_s,2
5429,2399,four_cheese_m,1
5430,2399,hawaiian_s,1
5431,2399,ital_veggie_s,1
5432,2399,mexicana_m,1
5433,2400,green_garden_s,1
5434,2401,cali_ckn_l,1
5435,2401,sicilian_m,1
5436,2401,spinach_fet_l,1
5437,2401,veggie_veg_m,1
5438,2402,ital_cpcllo_m,1
5439,2403,hawaiian_s,1
5440,2403,soppressata_s,1
5441,2403,spinach_fet_s,1
5442,2404,hawaiian_s,1
5443,2404,prsc_argla_s,1
5444,2404,spin_pesto_s,1
5445,2405,peppr_salami_m,1
5446,2406,big_meat_s,1
5447,2406,pepperoni_l,1
5448,2407,mediterraneo_l,1
5449,2408,five_cheese_l,1
5450,2408,four_cheese_l,1
5451,2409,bbq_ckn_l,1
5452,2409,pepperoni_l,1
5453,2409,soppressata_l,1
5454,2409,the_greek_l,1
5455,2410,napolitana_s,1
5456,2410,soppressata_l,1
5457,2410,southw_ckn_s,1
5458,2411,calabrese_m,1
5459,2412,ital_veggie_m,1
5460,2413,bbq_ckn_s,1
5461,2414,southw_ckn_s,1
5462,2415,sicilian_s,1
5463,2415,spicy_ital_l,1
5464,2416,ital_supr_s,1
5465,2416,spicy_ital_l,1
5466,2417,five_cheese_l,1
5467,2417,four_cheese_l,1
5468,2417,napolitana_s,1
5469,2417,prsc_argla_m,1
5470,2418,soppressata_m,1
5471,2419,sicilian_m,1
5472,2420,spinach_fet_l,1
5473,2421,thai_ckn_s,1
5474,2422,cali_ckn_l,1
5475,2422,five_cheese_l,1
5476,2422,pepperoni_m,1
5477,2422,spicy_ital_l,1
5478,2423,hawaiian_m,1
5479,2423,napolitana_m,1
5480,2423,prsc_argla_s,1
5481,2424,brie_carre_s,1
5482,2424,napolitana_m,1
5483,2425,spicy_ital_l,1
5484,2426,classic_dlx_m,1
5485,2426,green_garden_s,1
5486,2426,ital_cpcllo_l,1
5487,2427,thai_ckn_l,1
5488,2428,sicilian_l,1
5489,2429,spinach_fet_s,1
5490,2430,mexicana_l,1
5491,2430,napolitana_l,1
5492,2430,southw_ckn_l,1
5493,2431,cali_ckn_m,1
5494,2431,four_cheese_l,1
5495,2431,ital_supr_l,1
5496,2431,ital_veggie_l,1
5497,2431,napolitana_l,1
5498,2431,sicilian_m,1
5499,2431,sicilian_s,2
5500,2431,spicy_ital_s,1
5501,2432,five_cheese_l,1
5502,2432,ital_cpcllo_m,1
5503,2432,sicilian_s,1
5504,2432,the_greek_xl,1
5505,2433,cali_ckn_l,1
5506,2433,ital_veggie_l,1
5507,2433,spinach_supr_l,1
5508,2434,prsc_argla_s,1
5509,2435,mexicana_m,1
5510,2436,peppr_salami_l,1
5511,2436,southw_ckn_l,1
5512,2437,green_garden_s,1
5513,2437,sicilian_s,1
5514,2438,sicilian_s,1
5515,2439,napolitana_l,1
5516,2439,soppressata_l,1
5517,2440,classic_dlx_s,1
5518,2440,ital_veggie_s,1
5519,2440,pepperoni_s,1
5520,2441,spicy_ital_l,1
5521,2442,bbq_ckn_l,2
5522,2442,brie_carre_s,1
5523,2442,pep_msh_pep_s,1
5524,2443,cali_ckn_s,1
5525,2444,four_cheese_m,1
5526,2444,pepperoni_s,1
5527,2445,big_meat_s,1
5528,2445,five_cheese_l,1
5529,2445,mexicana_l,1
5530,2446,ckn_pesto_l,1
5531,2447,four_cheese_l,1
5532,2447,spin_pesto_l,1
5533,2447,spinach_supr_s,1
5534,2447,thai_ckn_s,1
5535,2448,pep_msh_pep_m,1
5536,2449,veggie_veg_s,1
5537,2450,ital_cpcllo_m,1
5538,2450,spicy_ital_s,1
5539,2451,pepperoni_m,1
5540,2451,southw_ckn_l,1
5541,2452,classic_dlx_s,1
5542,2452,mediterraneo_s,1
5543,2452,veggie_veg_l,1
5544,2453,green_garden_m,1
5545,2454,ital_supr_l,1
5546,2454,thai_ckn_s,1
5547,2455,mexicana_l,1
5548,2455,peppr_salami_m,1
5549,2455,spinach_fet_m,1
5550,2455,the_greek_s,1
5551,2456,green_garden_s,1
5552,2456,ital_cpcllo_l,1
5553,2456,pep_msh_pep_l,1
5554,2456,pepperoni_m,1
5555,2457,napolitana_l,1
5556,2458,four_cheese_l,1
5557,2458,pepperoni_l,1
5558,2458,southw_ckn_l,1
5559,2458,veggie_veg_s,1
5560,2459,ckn_pesto_s,1
5561,2459,soppressata_s,1
5562,2460,napolitana_s,1
5563,2461,classic_dlx_s,1
5564,2462,bbq_ckn_l,1
5565,2462,bbq_ckn_m,1
5566,2463,ital_cpcllo_m,1
5567,2463,sicilian_l,1
5568,2464,ital_veggie_m,1
5569,2465,brie_carre_s,1
5570,2465,sicilian_m,1
5571,2466,ital_supr_s,1
5572,2467,veggie_veg_m,1
5573,2468,spin_pesto_s,1
5574,2469,ital_cpcllo_l,1
5575,2470,four_cheese_l,1
5576,2470,pepperoni_m,1
5577,2471,big_meat_s,1
5578,2471,cali_ckn_m,1
5579,2471,cali_ckn_s,1
5580,2471,classic_dlx_s,1
5581,2471,four_cheese_l,1
5582,2471,four_cheese_m,1
5583,2471,hawaiian_s,2
5584,2471,southw_ckn_m,1
5585,2472,classic_dlx_l,1
5586,2473,spinach_supr_l,1
5587,2474,ckn_alfredo_m,1
5588,2475,peppr_salami_s,1
5589,2476,four_cheese_l,1
5590,2476,hawaiian_s,1
5591,2477,ckn_alfredo_s,1
5592,2477,thai_ckn_s,1
5593,2478,pepperoni_l,1
5594,2478,southw_ckn_l,1
5595,2479,bbq_ckn_m,2
5596,2479,classic_dlx_l,1
5597,2479,classic_dlx_s,1
5598,2479,the_greek_m,1
5599,2479,veggie_veg_l,1
5600,2480,pepperoni_s,1
5601,2481,classic_dlx_l,1
5602,2481,spinach_supr_l,1
5603,2482,prsc_argla_s,1
5604,2483,pepperoni_s,1
5605,2484,mexicana_l,1
5606,2485,five_cheese_l,1
5607,2485,ital_supr_m,1
5608,2485,mexicana_l,1
5609,2485,pepperoni_m,1
5610,2486,cali_ckn_m,1
5611,2486,ckn_alfredo_l,1
5612,2486,spicy_ital_l,1
5613,2486,spinach_fet_m,1
5614,2487,the_greek_xl,1
5615,2488,bbq_ckn_m,1
5616,2488,ital_supr_m,1
5617,2488,peppr_salami_l,1
5618,2488,thai_ckn_l,1
5619,2489,classic_dlx_m,1
5620,2490,ckn_pesto_m,1
5621,2491,five_cheese_l,1
5622,2491,hawaiian_l,1
5623,2491,pep_msh_pep_m,1
5624,2491,soppressata_s,1
5625,2491,southw_ckn_l,1
5626,2491,thai_ckn_l,1
5627,2492,bbq_ckn_s,1
5628,2493,big_meat_s,1
5629,2493,ckn_pesto_l,1
5630,2494,cali_ckn_l,1
5631,2495,hawaiian_m,1
5632,2496,four_cheese_l,1
5633,2496,four_cheese_m,1
5634,2496,ital_veggie_m,1
5635,2497,calabrese_m,1
5636,2497,four_cheese_l,1
5637,2497,mexicana_m,1
5638,2497,pepperoni_l,1
5639,2498,classic_dlx_s,1
5640,2499,spicy_ital_l,1
5641,2500,five_cheese_l,1
5642,2501,southw_ckn_l,1
5643,2502,classic_dlx_m,1
5644,2502,five_cheese_l,1
5645,2502,ital_veggie_l,1
5646,2503,sicilian_s,1
5647,2503,veggie_veg_m,1
5648,2504,pepperoni_s,1
5649,2504,prsc_argla_s,1
5650,2505,ital_supr_m,1
5651,2505,mediterraneo_m,1
5652,2506,ckn_pesto_s,1
5653,2506,classic_dlx_s,1
5654,2506,four_cheese_m,1
5655,2506,pepperoni_s,1
5656,2507,ckn_pesto_l,1
5657,2507,green_garden_s,1
5658,2507,hawaiian_l,1
5659,2507,sicilian_s,1
5660,2508,green_garden_s,1
5661,2508,hawaiian_s,1
5662,2509,ital_supr_m,1
5663,2510,calabrese_l,1
5664,2511,hawaiian_l,1
5665,2511,mexicana_l,1
5666,2511,pepperoni_m,1
5667,2512,big_meat_s,1
5668,2512,hawaiian_s,1
5669,2512,mexicana_l,1
5670,2512,sicilian_s,1
5671,2513,sicilian_m,1
5672,2514,hawaiian_s,1
5673,2514,southw_ckn_l,1
5674,2515,ckn_alfredo_m,1
5675,2515,pep_msh_pep_l,1
5676,2515,sicilian_l,1
5677,2515,veggie_veg_l,1
5678,2516,cali_ckn_s,1
5679,2516,green_garden_m,1
5680,2517,spin_pesto_m,1
5681,2518,calabrese_m,1
5682,2518,peppr_salami_s,1
5683,2518,spinach_fet_m,1
5684,2518,spinach_supr_s,1
5685,2519,pepperoni_l,1
5686,2519,spicy_ital_m,1
5687,2520,ital_veggie_s,1
5688,2521,pepperoni_s,1
5689,2521,sicilian_l,1
5690,2522,four_cheese_m,1
5691,2522,napolitana_l,1
5692,2522,soppressata_l,1
5693,2522,thai_ckn_s,1
5694,2523,four_cheese_l,1
5695,2523,mediterraneo_m,1
5696,2523,thai_ckn_l,1
5697,2523,veggie_veg_m,1
5698,2524,five_cheese_l,1
5699,2524,four_cheese_l,1
5700,2524,pep_msh_pep_s,1
5701,2524,thai_ckn_s,1
5702,2525,green_garden_m,1
5703,2526,big_meat_s,1
5704,2526,four_cheese_l,1
5705,2527,bbq_ckn_m,1
5706,2527,ital_veggie_s,1
5707,2527,spin_pesto_s,1
5708,2528,cali_ckn_l,1
5709,2528,pepperoni_s,1
5710,2529,four_cheese_l,1
5711,2529,hawaiian_s,1
5712,2529,pepperoni_l,1
5713,2529,veggie_veg_m,1
5714,2530,pep_msh_pep_m,2
5715,2530,sicilian_s,1
5716,2530,the_greek_l,1
5717,2531,pep_msh_pep_s,1
5718,2531,sicilian_m,1
5719,2532,hawaiian_s,1
5720,2533,bbq_ckn_s,1
5721,2534,five_cheese_l,1
5722,2535,ital_supr_m,1
5723,2535,prsc_argla_m,1
5724,2536,four_cheese_l,1
5725,2537,cali_ckn_s,1
5726,2538,five_cheese_l,1
5727,2538,ital_cpcllo_m,1
5728,2538,prsc_argla_s,1
5729,2539,ital_veggie_m,1
5730,2539,southw_ckn_m,1
5731,2540,hawaiian_m,1
5732,2540,soppressata_s,1
5733,2541,mexicana_m,1
5734,2541,prsc_argla_s,1
5735,2542,spicy_ital_m,1
5736,2543,ckn_alfredo_m,1
5737,2544,bbq_ckn_l,1
5738,2544,ital_supr_l,1
5739,2544,pepperoni_m,1
5740,2545,spinach_fet_l,1
5741,2546,big_meat_s,1
5742,2547,bbq_ckn_l,1
5743,2547,bbq_ckn_m,1
5744,2547,brie_carre_s,1
5745,2547,classic_dlx_m,1
5746,2547,five_cheese_l,1
5747,2547,four_cheese_m,1
5748,2547,hawaiian_l,1
5749,2547,ital_veggie_m,1
5750,2547,mediterraneo_m,1
5751,2547,mexicana_l,1
5752,2547,pepperoni_m,1
5753,2547,spin_pesto_l,1
5754,2548,bbq_ckn_l,1
5755,2548,bbq_ckn_m,1
5756,2548,brie_carre_s,1
5757,2548,ital_cpcllo_l,1
5758,2548,ital_veggie_m,1
5759,2548,pep_msh_pep_m,1
5760,2549,soppressata_s,1
5761,2550,sicilian_l,1
5762,2551,calabrese_l,1
5763,2551,hawaiian_l,1
5764,2552,bbq_ckn_m,1
5765,2553,the_greek_s,1
5766,2554,four_cheese_l,1
5767,2555,bbq_ckn_s,1
5768,2555,brie_carre_s,1
5769,2556,ital_supr_m,1
5770,2556,thai_ckn_m,1
5771,2557,five_cheese_l,1
5772,2557,sicilian_l,1
5773,2557,the_greek_m,1
5774,2557,the_greek_s,1
5775,2558,four_cheese_l,1
5776,2558,hawaiian_l,1
5777,2559,spicy_ital_l,1
5778,2560,brie_carre_s,1
5779,2561,ckn_alfredo_m,1
5780,2562,ital_cpcllo_s,1
5781,2562,mexicana_m,1
5782,2562,pepperoni_l,1
5783,2562,southw_ckn_s,1
5784,2563,calabrese_m,1
5785,2563,napolitana_l,1
5786,2563,the_greek_l,1
5787,2564,thai_ckn_l,1
5788,2565,ckn_alfredo_s,1
5789,2565,classic_dlx_l,1
5790,2565,hawaiian_s,1
5791,2566,five_cheese_l,1
5792,2566,thai_ckn_s,1
5793,2567,cali_ckn_s,1
5794,2568,bbq_ckn_l,1
5795,2568,veggie_veg_l,1
5796,2569,cali_ckn_l,1
5797,2569,ital_veggie_s,1
5798,2569,prsc_argla_m,1
5799,2569,the_greek_l,1
5800,2570,hawaiian_m,2
5801,2571,big_meat_s,1
5802,2571,five_cheese_l,1
5803,2571,veggie_veg_m,1
5804,2572,classic_dlx_l,1
5805,2573,classic_dlx_m,1
5806,2573,five_cheese_l,1
5807,2574,spin_pesto_l,1
5808,2574,thai_ckn_l,1
5809,2575,classic_dlx_s,1
5810,2576,big_meat_s,1
5811,2576,pepperoni_m,1
5812,2577,pep_msh_pep_m,1
5813,2577,sicilian_l,1
5814,2578,brie_carre_s,1
5815,2578,ital_cpcllo_s,1
5816,2578,sicilian_l,1
5817,2578,soppressata_m,1
5818,2579,ckn_pesto_m,1
5819,2579,classic_dlx_m,1
5820,2579,four_cheese_l,1
5821,2580,mexicana_m,2
5822,2580,peppr_salami_l,2
5823,2581,big_meat_s,1
5824,2581,hawaiian_l,1
5825,2582,spicy_ital_l,1
5826,2583,pepperoni_m,1
5827,2584,hawaiian_m,1
5828,2584,prsc_argla_l,1
5829,2585,napolitana_m,1
5830,2585,pepperoni_l,1
5831,2586,bbq_ckn_m,1
5832,2586,spinach_fet_s,1
5833,2587,classic_dlx_m,1
5834,2587,four_cheese_l,1
5835,2587,sicilian_s,1
5836,2588,bbq_ckn_s,1
5837,2588,cali_ckn_l,1
5838,2588,sicilian_l,1
5839,2588,spicy_ital_l,1
5840,2589,mediterraneo_l,1
5841,2590,green_garden_m,1
5842,2590,green_garden_s,1
5843,2591,ital_supr_m,1
5844,2591,spin_pesto_s,1
5845,2592,big_meat_s,1
5846,2593,ital_supr_m,1
5847,2593,pepperoni_m,1
5848,2593,sicilian_s,1
5849,2593,veggie_veg_s,1
5850,2594,classic_dlx_s,1
5851,2594,the_greek_m,1
5852,2595,the_greek_xl,1
5853,2596,ckn_alfredo_m,1
5854,2596,mexicana_l,1
5855,2596,prsc_argla_l,1
5856,2596,spicy_ital_l,1
5857,2597,ckn_pesto_l,1
5858,2598,napolitana_l,1
5859,2599,soppressata_m,1
5860,2599,veggie_veg_s,1
5861,2600,ckn_pesto_l,1
5862,2601,big_meat_s,1
5863,2601,calabrese_m,1
5864,2601,prsc_argla_l,1
5865,2602,cali_ckn_m,1
5866,2602,ckn_alfredo_l,1
5867,2602,ckn_alfredo_m,1
5868,2602,four_cheese_l,1
5869,2602,ital_supr_m,1
5870,2602,pepperoni_l,1
5871,2602,prsc_argla_m,1
5872,2602,sicilian_s,1
5873,2603,bbq_ckn_l,1
5874,2604,bbq_ckn_l,2
5875,2604,ital_veggie_m,1
5876,2604,pepperoni_m,1
5877,2605,sicilian_l,1
5878,2606,bbq_ckn_l,1
5879,2606,cali_ckn_m,1
5880,2607,napolitana_m,1
5881,2608,spicy_ital_l,1
5882,2609,bbq_ckn_l,1
5883,2609,big_meat_s,1
5884,2609,hawaiian_s,1
5885,2609,ital_veggie_l,1
5886,2610,pepperoni_s,1
5887,2611,five_cheese_l,1
5888,2612,bbq_ckn_l,1
5889,2612,big_meat_s,1
5890,2612,calabrese_m,1
5891,2612,cali_ckn_l,1
5892,2612,green_garden_s,1
5893,2612,ital_cpcllo_m,1
5894,2612,napolitana_l,1
5895,2612,sicilian_m,3
5896,2612,spicy_ital_s,1
5897,2612,spinach_supr_l,1
5898,2612,spinach_supr_m,1
5899,2612,thai_ckn_l,1
5900,2613,big_meat_s,1
5901,2613,ital_cpcllo_s,1
5902,2614,the_greek_xxl,1
5903,2615,mexicana_l,1
5904,2615,prsc_argla_m,1
5905,2616,classic_dlx_l,1
5906,2616,spin_pesto_l,1
5907,2616,veggie_veg_m,1
5908,2617,bbq_ckn_l,1
5909,2618,green_garden_m,1
5910,2618,ital_supr_s,1
5911,2619,spinach_fet_m,1
5912,2620,ital_cpcllo_s,1
5913,2621,ital_cpcllo_m,1
5914,2622,ckn_pesto_l,1
5915,2622,five_cheese_l,1
5916,2622,spinach_fet_s,1
5917,2623,napolitana_s,1
5918,2624,classic_dlx_m,1
5919,2624,soppressata_m,1
5920,2625,hawaiian_l,1
5921,2625,napolitana_l,1
5922,2625,spicy_ital_m,1
5923,2625,spinach_fet_s,1
5924,2626,cali_ckn_l,1
5925,2626,spicy_ital_l,1
5926,2626,thai_ckn_l,1
5927,2626,the_greek_xl,1
5928,2627,pepperoni_l,1
5929,2627,southw_ckn_l,1
5930,2628,big_meat_s,1
5931,2628,green_garden_s,1
5932,2628,pepperoni_l,1
5933,2628,the_greek_xl,1
5934,2629,sicilian_l,1
5935,2630,peppr_salami_s,1
5936,2630,soppressata_s,1
5937,2630,thai_ckn_l,1
5938,2631,big_meat_s,1
5939,2631,green_garden_s,1
5940,2631,pepperoni_m,1
5941,2631,peppr_salami_s,1
5942,2632,classic_dlx_l,1
5943,2632,ital_supr_m,1
5944,2633,pepperoni_l,1
5945,2633,pepperoni_m,1
5946,2633,sicilian_s,1
5947,2633,spicy_ital_l,1
5948,2634,four_cheese_l,1
5949,2634,pepperoni_m,1
5950,2635,pepperoni_l,1
5951,2636,pep_msh_pep_m,1
5952,2637,bbq_ckn_l,1
5953,2638,ckn_alfredo_l,1
5954,2638,prsc_argla_s,1
5955,2638,thai_ckn_l,1
5956,2639,southw_ckn_m,1
5957,2639,thai_ckn_s,1
5958,2640,bbq_ckn_l,1
5959,2641,big_meat_s,1
5960,2641,four_cheese_l,1
5961,2641,ital_cpcllo_m,1
5962,2641,thai_ckn_m,1
5963,2642,hawaiian_l,1
5964,2643,hawaiian_s,1
5965,2643,thai_ckn_l,1
5966,2644,classic_dlx_m,1
5967,2644,hawaiian_s,1
5968,2644,southw_ckn_l,1
5969,2645,cali_ckn_l,1
5970,2645,spinach_supr_s,1
5971,2646,big_meat_s,1
5972,2647,brie_carre_s,1
5973,2647,ital_cpcllo_m,1
5974,2647,peppr_salami_m,1
5975,2647,spicy_ital_l,1
5976,2648,bbq_ckn_s,1
5977,2648,big_meat_s,1
5978,2648,cali_ckn_s,1
5979,2649,hawaiian_s,1
5980,2649,spinach_supr_m,1
5981,2649,thai_ckn_m,1
5982,2650,cali_ckn_s,1
5983,2650,ckn_pesto_l,1
5984,2650,pepperoni_l,1
5985,2650,spicy_ital_m,1
5986,2651,cali_ckn_l,1
5987,2652,hawaiian_m,1
5988,2653,brie_carre_s,1
5989,2653,four_cheese_l,1
5990,2654,ital_veggie_m,1
5991,2654,pep_msh_pep_l,1
5992,2655,pep_msh_pep_m,1
5993,2655,sicilian_l,1
5994,2655,the_greek_l,1
5995,2655,veggie_veg_s,1
5996,2656,big_meat_s,1
5997,2657,ital_supr_m,1
5998,2657,mexicana_l,1
5999,2658,pep_msh_pep_s,1
6000,2659,cali_ckn_s,1
6001,2659,four_cheese_l,1
6002,2660,cali_ckn_s,1
6003,2661,cali_ckn_m,1
6004,2661,mexicana_l,1
6005,2662,ital_supr_l,1
6006,2662,soppressata_l,1
6007,2663,napolitana_s,1
6008,2663,southw_ckn_l,1
6009,2664,calabrese_m,1
6010,2664,prsc_argla_m,1
6011,2665,bbq_ckn_m,1
6012,2666,peppr_salami_m,1
6013,2666,spicy_ital_l,1
6014,2667,mexicana_l,1
6015,2668,napolitana_s,1
6016,2668,the_greek_m,1
6017,2669,southw_ckn_l,1
6018,2670,four_cheese_l,1
6019,2670,prsc_argla_m,1
6020,2670,spicy_ital_s,1
6021,2670,veggie_veg_m,2
6022,2671,mexicana_l,1
6023,2672,big_meat_s,1
6024,2672,green_garden_s,1
6025,2673,southw_ckn_s,1
6026,2674,veggie_veg_s,1
6027,2675,bbq_ckn_l,1
6028,2675,cali_ckn_s,1
6029,2675,classic_dlx_m,1
6030,2675,five_cheese_l,1
6031,2675,ital_supr_l,1
6032,2675,ital_supr_m,1
6033,2675,mexicana_l,1
6034,2675,pep_msh_pep_m,1
6035,2675,sicilian_s,1
6036,2675,southw_ckn_l,1
6037,2675,spinach_supr_m,2
6038,2675,the_greek_l,1
6039,2675,veggie_veg_m,1
6040,2675,veggie_veg_s,1
6041,2676,ital_cpcllo_m,1
6042,2677,brie_carre_s,1
6043,2677,cali_ckn_m,1
6044,2677,ital_supr_s,1
6045,2677,thai_ckn_s,1
6046,2678,bbq_ckn_l,1
6047,2679,thai_ckn_l,1
6048,2680,cali_ckn_m,1
6049,2681,thai_ckn_l,1
6050,2682,sicilian_l,1
6051,2683,calabrese_m,1
6052,2683,pepperoni_s,1
6053,2684,ckn_alfredo_m,1
6054,2685,pep_msh_pep_s,1
6055,2685,spinach_fet_s,1
6056,2686,ital_cpcllo_l,1
6057,2687,pep_msh_pep_s,1
6058,2688,bbq_ckn_l,1
6059,2689,southw_ckn_l,1
6060,2689,veggie_veg_s,1
6061,2690,bbq_ckn_s,1
6062,2690,pep_msh_pep_s,1
6063,2691,four_cheese_l,1
6064,2692,big_meat_s,1
6065,2692,green_garden_s,1
6066,2692,hawaiian_s,1
6067,2692,ital_cpcllo_m,1
6068,2693,calabrese_l,1
6069,2693,ital_cpcllo_s,1
6070,2693,mexicana_m,1
6071,2693,soppressata_s,1
6072,2694,calabrese_l,1
6073,2695,bbq_ckn_l,1
6074,2695,cali_ckn_s,1
6075,2696,hawaiian_l,1
6076,2696,sicilian_l,1
6077,2696,the_greek_xl,1
6078,2697,hawaiian_m,1
6079,2697,mexicana_m,1
6080,2697,soppressata_l,1
6081,2697,spicy_ital_s,1
6082,2698,ckn_pesto_l,1
6083,2698,spin_pesto_s,1
6084,2699,four_cheese_m,1
6085,2699,mexicana_m,1
6086,2699,sicilian_m,1
6087,2699,thai_ckn_l,1
6088,2700,classic_dlx_m,1
6089,2700,five_cheese_l,1
6090,2700,green_garden_s,1
6091,2700,mediterraneo_m,1
6092,2701,ital_supr_l,1
6093,2702,calabrese_l,1
6094,2702,classic_dlx_l,1
6095,2702,southw_ckn_m,1
6096,2703,spicy_ital_l,1
6097,2704,southw_ckn_l,1
6098,2705,big_meat_s,1
6099,2705,five_cheese_l,1
6100,2705,mexicana_s,1
6101,2705,southw_ckn_l,1
6102,2706,ital_veggie_m,1
6103,2707,classic_dlx_m,1
6104,2707,ital_supr_l,1
6105,2707,pep_msh_pep_s,1
6106,2707,thai_ckn_l,1
6107,2708,cali_ckn_l,1
6108,2708,four_cheese_l,1
6109,2708,hawaiian_l,1
6110,2708,prsc_argla_s,1
6111,2709,four_cheese_l,1
6112,2709,green_garden_s,1
6113,2709,ital_supr_m,1
6114,2709,mexicana_m,1
6115,2710,ckn_alfredo_m,1
6116,2710,green_garden_l,1
6117,2710,southw_ckn_s,1
6118,2710,the_greek_xl,1
6119,2711,four_cheese_l,1
6120,2711,pepperoni_s,1
6121,2711,peppr_salami_s,1
6122,2711,spinach_supr_m,1
6123,2712,ital_supr_s,1
6124,2712,the_greek_m,1
6125,2713,calabrese_m,1
6126,2713,ital_veggie_m,1
6127,2714,ital_supr_m,1
6128,2715,soppressata_s,1
6129,2715,spicy_ital_s,1
6130,2715,the_greek_xl,1
6131,2715,veggie_veg_m,1
6132,2716,bbq_ckn_m,1
6133,2716,bbq_ckn_s,1
6134,2716,ital_cpcllo_l,1
6135,2717,green_garden_m,1
6136,2717,mexicana_l,1
6137,2717,the_greek_xl,1
6138,2718,bbq_ckn_m,1
6139,2718,calabrese_m,1
6140,2718,mexicana_l,1
6141,2718,spin_pesto_l,1
6142,2719,cali_ckn_l,1
6143,2719,spinach_supr_m,1
6144,2720,bbq_ckn_l,1
6145,2721,five_cheese_l,1
6146,2722,bbq_ckn_m,1
6147,2722,hawaiian_s,1
6148,2722,pepperoni_s,2
6149,2723,pepperoni_l,1
6150,2724,cali_ckn_s,1
6151,2724,classic_dlx_m,1
6152,2724,veggie_veg_l,1
6153,2725,bbq_ckn_l,1
6154,2725,calabrese_m,1
6155,2725,ckn_alfredo_s,1
6156,2725,hawaiian_l,1
6157,2725,ital_supr_l,1
6158,2725,napolitana_m,1
6159,2725,peppr_salami_m,1
6160,2725,prsc_argla_m,1
6161,2725,sicilian_m,1
6162,2725,southw_ckn_l,1
6163,2725,spicy_ital_l,1
6164,2725,spin_pesto_m,1
6165,2725,the_greek_m,1
6166,2726,big_meat_s,1
6167,2727,ital_cpcllo_m,1
6168,2727,prsc_argla_l,1
6169,2728,calabrese_m,1
6170,2728,ckn_alfredo_m,1
6171,2729,thai_ckn_l,1
6172,2730,thai_ckn_m,1
6173,2731,sicilian_m,1
6174,2732,big_meat_s,1
6175,2732,four_cheese_m,1
6176,2732,ital_supr_l,1
6177,2732,ital_supr_s,1
6178,2733,ckn_pesto_l,1
6179,2733,four_cheese_l,1
6180,2734,thai_ckn_l,1
6181,2735,calabrese_m,1
6182,2735,classic_dlx_m,1
6183,2735,ital_cpcllo_l,1
6184,2735,ital_veggie_s,1
6185,2736,bbq_ckn_l,1
6186,2736,mediterraneo_l,1
6187,2736,southw_ckn_m,1
6188,2737,big_meat_s,1
6189,2737,spinach_fet_m,1
6190,2738,cali_ckn_m,1
6191,2739,southw_ckn_s,1
6192,2740,ckn_alfredo_m,1
6193,2740,sicilian_m,1
6194,2741,pepperoni_m,1
6195,2741,pepperoni_s,1
6196,2742,spin_pesto_m,1
6197,2742,thai_ckn_s,1
6198,2743,classic_dlx_m,1
6199,2744,ital_veggie_m,1
6200,2744,spinach_fet_s,1
6201,2745,pepperoni_m,1
6202,2746,cali_ckn_l,1
6203,2746,prsc_argla_l,1
6204,2746,prsc_argla_s,1
6205,2747,mexicana_l,1
6206,2747,southw_ckn_l,1
6207,2748,ckn_pesto_s,1
6208,2749,big_meat_s,1
6209,2749,ckn_pesto_l,1
6210,2750,hawaiian_l,1
6211,2750,hawaiian_s,1
6212,2750,ital_veggie_s,1
6213,2750,southw_ckn_l,1
6214,2751,napolitana_m,1
6215,2752,five_cheese_l,1
6216,2752,pep_msh_pep_l,1
6217,2752,pepperoni_l,1
6218,2752,peppr_salami_s,1
6219,2753,four_cheese_l,1
6220,2753,ital_supr_m,1
6221,2753,veggie_veg_m,1
6222,2754,brie_carre_s,1
6223,2754,classic_dlx_s,1
6224,2754,mexicana_m,1
6225,2755,cali_ckn_m,1
6226,2755,napolitana_l,1
6227,2755,southw_ckn_l,1
6228,2756,bbq_ckn_s,1
6229,2756,cali_ckn_l,1
6230,2757,big_meat_s,1
6231,2758,ckn_pesto_l,1
6232,2758,thai_ckn_s,1
6233,2759,cali_ckn_m,1
6234,2759,pepperoni_m,1
6235,2759,thai_ckn_l,1
6236,2760,veggie_veg_l,1
6237,2761,five_cheese_l,1
6238,2761,southw_ckn_l,1
6239,2761,spinach_fet_m,1
6240,2761,thai_ckn_l,1
6241,2762,spinach_fet_s,1
6242,2763,classic_dlx_m,1
6243,2763,sicilian_l,1
6244,2764,big_meat_s,1
6245,2765,five_cheese_l,1
6246,2765,spicy_ital_l,1
6247,2766,four_cheese_l,1
6248,2766,peppr_salami_l,1
6249,2766,sicilian_s,1
6250,2767,sicilian_s,1
6251,2767,southw_ckn_l,1
6252,2767,veggie_veg_s,1
6253,2768,pep_msh_pep_m,1
6254,2769,ital_cpcllo_l,1
6255,2769,mediterraneo_l,1
6256,2770,sicilian_m,1
6257,2770,sicilian_s,1
6258,2770,southw_ckn_l,1
6259,2771,prsc_argla_s,1
6260,2772,bbq_ckn_m,1
6261,2772,ital_supr_m,1
6262,2772,napolitana_l,1
6263,2772,pepperoni_s,1
6264,2773,green_garden_m,1
6265,2773,green_garden_s,1
6266,2773,mediterraneo_l,1
6267,2773,spinach_fet_l,1
6268,2774,bbq_ckn_l,1
6269,2774,classic_dlx_l,1
6270,2774,five_cheese_l,1
6271,2774,veggie_veg_m,1
6272,2775,classic_dlx_m,1
6273,2776,ckn_alfredo_m,1
6274,2776,the_greek_xl,1
6275,2776,veggie_veg_m,1
6276,2777,ital_veggie_s,1
6277,2778,green_garden_s,1
6278,2779,classic_dlx_m,1
6279,2779,four_cheese_l,1
6280,2780,mediterraneo_l,1
6281,2781,big_meat_s,1
6282,2781,hawaiian_s,1
6283,2781,ital_supr_l,1
6284,2781,pep_msh_pep_s,1
6285,2781,pepperoni_l,1
6286,2781,pepperoni_s,1
6287,2781,thai_ckn_l,2
6288,2781,thai_ckn_m,1
6289,2781,thai_ckn_s,1
6290,2781,veggie_veg_l,1
6291,2782,southw_ckn_m,1
6292,2783,southw_ckn_l,1
6293,2783,spin_pesto_s,1
6294,2784,pep_msh_pep_l,1
6295,2784,prsc_argla_l,1
6296,2784,veggie_veg_s,1
6297,2785,prsc_argla_m,1
6298,2786,ckn_alfredo_m,1
6299,2786,ckn_pesto_s,1
6300,2786,five_cheese_l,1
6301,2786,four_cheese_m,1
6302,2786,hawaiian_m,1
6303,2786,ital_supr_m,1
6304,2786,mexicana_l,1
6305,2786,napolitana_l,1
6306,2786,spinach_supr_l,1
6307,2787,pep_msh_pep_l,1
6308,2787,pepperoni_s,1
6309,2788,cali_ckn_s,1
6310,2788,classic_dlx_s,1
6311,2788,ital_supr_m,1
6312,2789,classic_dlx_m,1
6313,2789,ital_cpcllo_m,1
6314,2789,sicilian_l,1
6315,2790,cali_ckn_s,1
6316,2791,hawaiian_m,1
6317,2792,veggie_veg_l,1
6318,2793,ckn_alfredo_m,1
6319,2793,four_cheese_l,1
6320,2793,prsc_argla_l,1
6321,2794,calabrese_m,1
6322,2794,five_cheese_l,1
6323,2794,ital_cpcllo_l,1
6324,2794,napolitana_l,1
6325,2794,the_greek_xl,1
6326,2795,hawaiian_m,1
6327,2796,ital_veggie_l,1
6328,2797,veggie_veg_m,1
6329,2798,ckn_alfredo_m,1
6330,2798,ital_cpcllo_m,1
6331,2798,southw_ckn_l,1
6332,2798,spicy_ital_s,1
6333,2799,hawaiian_s,1
6334,2800,ckn_alfredo_m,1
6335,2800,soppressata_m,1
6336,2801,pepperoni_s,1
6337,2801,southw_ckn_s,1
6338,2802,bbq_ckn_m,1
6339,2802,hawaiian_m,1
6340,2803,pep_msh_pep_s,1
6341,2803,soppressata_s,1
6342,2804,spinach_fet_m,1
6343,2804,thai_ckn_s,1
6344,2805,four_cheese_l,1
6345,2805,hawaiian_l,1
6346,2805,napolitana_s,1
6347,2806,pepperoni_m,1
6348,2807,hawaiian_s,1
6349,2807,thai_ckn_l,1
6350,2808,mediterraneo_l,1
6351,2808,napolitana_s,1
6352,2808,sicilian_s,1
6353,2809,cali_ckn_m,1
6354,2810,five_cheese_l,1
6355,2810,napolitana_l,1
6356,2811,mediterraneo_s,1
6357,2811,napolitana_l,1
6358,2811,prsc_argla_s,1
6359,2811,sicilian_s,1
6360,2812,prsc_argla_l,1
6361,2812,southw_ckn_l,1
6362,2812,spinach_fet_m,1
6363,2813,ital_supr_s,1
6364,2813,mediterraneo_l,1
6365,2813,the_greek_l,1
6366,2813,the_greek_xxl,1
6367,2814,thai_ckn_l,1
6368,2815,big_meat_s,1
6369,2815,classic_dlx_l,1
6370,2815,thai_ckn_l,1
6371,2816,bbq_ckn_l,1
6372,2816,big_meat_s,1
6373,2817,green_garden_s,1
6374,2817,spicy_ital_m,1
6375,2818,big_meat_s,1
6376,2818,peppr_salami_l,1
6377,2818,sicilian_s,1
6378,2819,hawaiian_l,1
6379,2819,thai_ckn_m,1
6380,2820,napolitana_l,1
6381,2821,ital_supr_l,1
6382,2822,pepperoni_s,1
6383,2823,ckn_pesto_l,1
6384,2823,spinach_fet_m,1
6385,2824,ckn_alfredo_m,1
6386,2824,five_cheese_l,1
6387,2824,napolitana_l,1
6388,2824,soppressata_l,1
6389,2825,hawaiian_s,1
6390,2825,ital_cpcllo_s,1
6391,2825,mediterraneo_l,1
6392,2825,thai_ckn_l,1
6393,2826,hawaiian_l,1
6394,2826,thai_ckn_l,1
6395,2827,pepperoni_m,1
6396,2827,soppressata_m,1
6397,2828,mexicana_l,1
6398,2829,cali_ckn_s,1
6399,2829,ckn_pesto_s,1
6400,2829,spicy_ital_l,1
6401,2830,bbq_ckn_m,1
6402,2831,classic_dlx_l,1
6403,2831,ital_cpcllo_m,1
6404,2831,southw_ckn_l,1
6405,2831,thai_ckn_m,1
6406,2832,cali_ckn_l,1
6407,2833,big_meat_s,1
6408,2834,bbq_ckn_l,1
6409,2835,classic_dlx_s,1
6410,2836,classic_dlx_m,1
6411,2837,sicilian_s,1
6412,2838,ital_cpcllo_l,1
6413,2839,southw_ckn_l,1
6414,2840,hawaiian_s,1
6415,2841,ckn_alfredo_m,1
6416,2841,sicilian_l,1
6417,2841,veggie_veg_s,1
6418,2842,peppr_salami_m,1
6419,2843,bbq_ckn_l,1
6420,2843,prsc_argla_m,1
6421,2843,spicy_ital_l,1
6422,2843,spin_pesto_m,1
6423,2844,classic_dlx_m,1
6424,2844,peppr_salami_l,1
6425,2845,napolitana_m,1
6426,2846,classic_dlx_m,1
6427,2846,classic_dlx_s,1
6428,2846,ital_supr_l,1
6429,2847,hawaiian_l,1
6430,2847,ital_veggie_m,1
6431,2847,sicilian_m,1
6432,2847,spinach_fet_s,1
6433,2847,veggie_veg_m,1
6434,2848,prsc_argla_m,1
6435,2848,southw_ckn_l,2
6436,2849,prsc_argla_m,1
6437,2849,southw_ckn_l,1
6438,2849,southw_ckn_s,1
6439,2849,thai_ckn_s,1
6440,2850,peppr_salami_l,1
6441,2851,big_meat_s,1
6442,2851,ckn_alfredo_m,1
6443,2851,hawaiian_l,1
6444,2851,pepperoni_s,1
6445,2851,prsc_argla_l,1
6446,2851,sicilian_m,1
6447,2851,spinach_fet_m,1
6448,2851,thai_ckn_l,1
6449,2851,veggie_veg_m,1
6450,2852,four_cheese_l,1
6451,2852,pepperoni_m,1
6452,2853,soppressata_m,1
6453,2854,green_garden_m,1
6454,2854,napolitana_s,1
6455,2854,spin_pesto_s,1
6456,2854,veggie_veg_s,1
6457,2855,ital_cpcllo_l,1
6458,2855,ital_cpcllo_s,1
6459,2855,spinach_supr_m,1
6460,2855,thai_ckn_l,1
6461,2856,ckn_pesto_m,1
6462,2856,spinach_supr_s,1
6463,2857,peppr_salami_s,1
6464,2858,ckn_alfredo_m,1
6465,2858,spin_pesto_l,1
6466,2859,calabrese_m,1
6467,2859,soppressata_s,1
6468,2859,the_greek_xl,1
6469,2860,ckn_pesto_m,1
6470,2861,big_meat_s,1
6471,2862,thai_ckn_s,1
6472,2863,mexicana_m,1
6473,2864,classic_dlx_m,1
6474,2864,southw_ckn_s,1
6475,2865,green_garden_m,1
6476,2866,hawaiian_l,1
6477,2866,hawaiian_s,1
6478,2867,bbq_ckn_m,1
6479,2867,bbq_ckn_s,1
6480,2868,spin_pesto_s,1
6481,2869,ital_supr_m,1
6482,2870,hawaiian_l,1
6483,2870,ital_cpcllo_m,1
6484,2871,calabrese_m,1
6485,2871,pepperoni_m,1
6486,2871,the_greek_l,1
6487,2872,southw_ckn_l,1
6488,2873,ital_supr_l,1
6489,2874,hawaiian_m,1
6490,2874,pepperoni_s,1
6491,2875,sicilian_m,1
6492,2875,veggie_veg_s,1
6493,2876,five_cheese_l,1
6494,2876,ital_supr_m,1
6495,2876,sicilian_l,1
6496,2876,the_greek_xl,1
6497,2877,green_garden_s,1
6498,2877,hawaiian_s,1
6499,2878,four_cheese_l,1
6500,2878,pepperoni_m,1
6501,2878,peppr_salami_m,1
6502,2879,cali_ckn_l,1
6503,2879,ckn_pesto_l,1
6504,2879,classic_dlx_m,1
6505,2879,thai_ckn_s,1
6506,2880,napolitana_l,1
6507,2881,ckn_pesto_m,1
6508,2881,peppr_salami_m,1
6509,2881,spicy_ital_l,1
6510,2882,cali_ckn_s,1
6511,2882,mexicana_s,1
6512,2882,pep_msh_pep_m,1
6513,2883,bbq_ckn_m,1
6514,2883,classic_dlx_l,1
6515,2883,ital_supr_m,1
6516,2884,classic_dlx_m,1
6517,2884,hawaiian_l,1
6518,2885,bbq_ckn_m,1
6519,2885,ital_cpcllo_l,1
6520,2886,ital_supr_l,1
6521,2887,bbq_ckn_l,1
6522,2887,cali_ckn_l,1
6523,2888,four_cheese_l,1
6524,2889,ckn_alfredo_m,1
6525,2889,southw_ckn_l,1
6526,2889,southw_ckn_m,1
6527,2889,spinach_fet_m,2
6528,2889,thai_ckn_l,1
6529,2890,ital_cpcllo_s,1
6530,2891,ital_veggie_s,1
6531,2892,hawaiian_l,1
6532,2892,ital_supr_l,1
6533,2892,mexicana_l,1
6534,2892,prsc_argla_s,1
6535,2893,cali_ckn_m,1
6536,2893,mexicana_s,1
6537,2894,classic_dlx_s,1
6538,2895,bbq_ckn_s,1
6539,2895,cali_ckn_l,1
6540,2895,cali_ckn_m,1
6541,2895,four_cheese_l,1
6542,2895,four_cheese_m,1
6543,2895,hawaiian_s,1
6544,2895,ital_supr_l,1
6545,2895,mediterraneo_m,1
6546,2895,peppr_salami_s,1
6547,2895,thai_ckn_s,2
6548,2895,the_greek_s,1
6549,2895,veggie_veg_s,1
6550,2896,classic_dlx_m,1
6551,2897,green_garden_s,1
6552,2897,hawaiian_s,1
6553,2897,soppressata_m,1
6554,2898,prsc_argla_s,1
6555,2899,thai_ckn_l,1
6556,2900,brie_carre_s,1
6557,2901,prsc_argla_m,1
6558,2902,napolitana_m,1
6559,2902,pepperoni_l,1
6560,2902,spicy_ital_l,1
6561,2902,spinach_supr_m,1
6562,2902,thai_ckn_l,1
6563,2902,veggie_veg_l,1
6564,2903,soppressata_m,1
6565,2904,hawaiian_l,1
6566,2905,cali_ckn_s,1
6567,2905,pepperoni_l,1
6568,2905,prsc_argla_s,1
6569,2905,spinach_fet_l,1
6570,2906,prsc_argla_m,1
6571,2906,spinach_fet_s,1
6572,2907,five_cheese_l,1
6573,2907,mexicana_m,1
6574,2907,pep_msh_pep_l,1
6575,2907,veggie_veg_l,1
6576,2908,classic_dlx_s,1
6577,2909,four_cheese_m,1
6578,2909,thai_ckn_s,1
6579,2910,big_meat_s,1
6580,2910,hawaiian_m,1
6581,2910,mexicana_l,1
6582,2910,pepperoni_l,1
6583,2911,brie_carre_s,1
6584,2912,cali_ckn_l,1
6585,2912,ital_cpcllo_m,1
6586,2912,ital_supr_l,1
6587,2912,napolitana_s,1
6588,2913,ital_supr_m,1
6589,2914,big_meat_s,1
6590,2914,southw_ckn_l,1
6591,2915,big_meat_s,1
6592,2915,pep_msh_pep_s,1
6593,2916,hawaiian_l,1
6594,2916,pepperoni_s,1
6595,2916,peppr_salami_l,1
6596,2917,green_garden_l,1
6597,2917,mexicana_l,1
6598,2918,cali_ckn_l,1
6599,2918,cali_ckn_m,1
6600,2919,mediterraneo_s,1
6601,2919,southw_ckn_l,1
6602,2919,spinach_fet_m,1
6603,2919,thai_ckn_s,1
6604,2920,green_garden_s,1
6605,2920,hawaiian_l,1
6606,2921,bbq_ckn_s,1
6607,2921,brie_carre_s,1
6608,2921,five_cheese_l,1
6609,2921,thai_ckn_l,1
6610,2922,spin_pesto_m,2
6611,2922,thai_ckn_s,1
6612,2923,veggie_veg_m,1
6613,2924,ckn_pesto_s,1
6614,2924,prsc_argla_l,1
6615,2924,southw_ckn_m,1
6616,2924,the_greek_xl,1
6617,2925,calabrese_m,1
6618,2925,prsc_argla_l,1
6619,2925,the_greek_xl,1
6620,2926,southw_ckn_m,1
6621,2926,veggie_veg_m,1
6622,2927,cali_ckn_m,1
6623,2927,thai_ckn_l,1
6624,2928,ckn_pesto_l,1
6625,2929,soppressata_s,1
6626,2930,ckn_pesto_m,1
6627,2930,classic_dlx_m,1
6628,2930,prsc_argla_l,1
6629,2930,sicilian_s,1
6630,2931,classic_dlx_m,1
6631,2931,mexicana_l,1
6632,2931,prsc_argla_s,1
6633,2932,green_garden_s,1
6634,2932,soppressata_m,1
6635,2932,spicy_ital_m,1
6636,2932,spicy_ital_s,1
6637,2933,bbq_ckn_m,1
6638,2933,hawaiian_l,1
6639,2933,peppr_salami_l,1
6640,2933,sicilian_s,1
6641,2934,cali_ckn_m,1
6642,2934,hawaiian_s,1
6643,2934,peppr_salami_l,1
6644,2935,big_meat_s,1
6645,2935,sicilian_m,1
6646,2936,four_cheese_m,1
6647,2936,spinach_supr_l,1
6648,2936,spinach_supr_s,1
6649,2936,thai_ckn_l,1
6650,2937,bbq_ckn_l,1
6651,2938,ckn_pesto_s,1
6652,2938,ital_cpcllo_m,1
6653,2938,ital_supr_m,1
6654,2939,bbq_ckn_m,1
6655,2939,spicy_ital_s,1
6656,2940,five_cheese_l,1
6657,2941,classic_dlx_m,1
6658,2941,pep_msh_pep_s,1
6659,2941,sicilian_l,1
6660,2941,sicilian_s,1
6661,2942,classic_dlx_s,1
6662,2942,hawaiian_s,1
6663,2942,pepperoni_m,1
6664,2942,southw_ckn_l,1
6665,2943,cali_ckn_m,1
6666,2943,four_cheese_m,1
6667,2943,pepperoni_l,1
6668,2943,the_greek_m,1
6669,2944,classic_dlx_s,1
6670,2944,mediterraneo_m,1
6671,2944,pep_msh_pep_s,1
6672,2945,hawaiian_s,1
6673,2945,pep_msh_pep_l,1
6674,2945,prsc_argla_m,1
6675,2946,spicy_ital_l,1
6676,2947,napolitana_l,1
6677,2947,pep_msh_pep_l,1
6678,2947,spinach_fet_m,1
6679,2948,pep_msh_pep_l,1
6680,2948,pep_msh_pep_m,1
6681,2948,sicilian_m,1
6682,2948,soppressata_m,1
6683,2949,pep_msh_pep_s,1
6684,2950,big_meat_s,1
6685,2950,four_cheese_m,1
6686,2950,mexicana_m,1
6687,2951,five_cheese_l,1
6688,2951,ital_supr_l,1
6689,2951,veggie_veg_m,1
6690,2952,calabrese_s,1
6691,2952,southw_ckn_m,1
6692,2953,classic_dlx_m,1
6693,2953,peppr_salami_l,1
6694,2954,classic_dlx_m,1
6695,2955,five_cheese_l,1
6696,2956,four_cheese_l,1
6697,2956,ital_supr_l,1
6698,2956,peppr_salami_l,1
6699,2956,spinach_fet_l,1
6700,2957,five_cheese_l,1
6701,2957,ital_supr_l,1
6702,2958,hawaiian_m,1
6703,2958,mexicana_l,1
6704,2958,pepperoni_m,1
6705,2958,prsc_argla_s,1
6706,2959,hawaiian_m,1
6707,2960,sicilian_s,1
6708,2960,spicy_ital_m,1
6709,2960,spin_pesto_m,1
6710,2961,bbq_ckn_s,1
6711,2961,big_meat_s,1
6712,2961,hawaiian_l,1
6713,2961,ital_supr_s,1
6714,2961,ital_veggie_l,1
6715,2961,ital_veggie_m,1
6716,2961,peppr_salami_l,1
6717,2961,southw_ckn_l,1
6718,2961,spin_pesto_s,2
6719,2961,spinach_fet_m,1
6720,2961,veggie_veg_l,1
6721,2962,spin_pesto_l,1
6722,2963,cali_ckn_l,1
6723,2963,hawaiian_s,1
6724,2963,pepperoni_s,1
6725,2963,peppr_salami_m,1
6726,2964,cali_ckn_l,1
6727,2964,spin_pesto_m,1
6728,2965,napolitana_l,1
6729,2966,four_cheese_l,1
6730,2967,brie_carre_s,1
6731,2967,mediterraneo_m,1
6732,2967,mexicana_l,1
6733,2967,southw_ckn_m,1
6734,2967,spinach_supr_l,1
6735,2968,big_meat_s,1
6736,2968,calabrese_l,1
6737,2969,bbq_ckn_m,1
6738,2970,ckn_pesto_l,1
6739,2971,bbq_ckn_m,1
6740,2972,ital_veggie_m,1
6741,2973,classic_dlx_m,1
6742,2974,thai_ckn_s,1
6743,2975,big_meat_s,1
6744,2975,soppressata_m,1
6745,2976,hawaiian_s,1
6746,2976,pepperoni_s,1
6747,2976,thai_ckn_m,1
6748,2977,pepperoni_s,1
6749,2978,peppr_salami_l,1
6750,2978,spicy_ital_m,1
6751,2979,ital_supr_l,1
6752,2979,pepperoni_m,1
6753,2980,classic_dlx_m,1
6754,2980,mexicana_m,1
6755,2980,veggie_veg_m,1
6756,2981,bbq_ckn_s,1
6757,2982,cali_ckn_m,1
6758,2983,mediterraneo_l,1
6759,2984,hawaiian_l,1
6760,2984,mexicana_l,1
6761,2985,spicy_ital_s,1
6762,2985,veggie_veg_s,1
6763,2986,green_garden_m,1
6764,2986,ital_supr_l,1
6765,2987,cali_ckn_s,1
6766,2987,green_garden_s,1
6767,2987,pep_msh_pep_m,1
6768,2987,sicilian_l,1
6769,2988,big_meat_s,1
6770,2988,spinach_fet_s,1
6771,2989,bbq_ckn_l,1
6772,2989,green_garden_s,1
6773,2989,mexicana_l,1
6774,2990,spin_pesto_l,1
6775,2991,ckn_pesto_m,1
6776,2992,cali_ckn_l,1
6777,2993,hawaiian_l,1
6778,2993,ital_veggie_l,1
6779,2994,bbq_ckn_s,1
6780,2994,the_greek_l,1
6781,2995,veggie_veg_s,1
6782,2996,spinach_fet_m,1
6783,2997,classic_dlx_m,1
6784,2997,five_cheese_l,1
6785,2998,big_meat_s,1
6786,2998,ckn_pesto_m,1
6787,2998,soppressata_s,1
6788,2998,southw_ckn_s,1
6789,2999,calabrese_l,1
6790,2999,calabrese_m,1
6791,2999,napolitana_l,1
6792,3000,cali_ckn_l,1
6793,3000,prsc_argla_s,1
6794,3001,bbq_ckn_m,1
6795,3001,spicy_ital_l,1
6796,3001,thai_ckn_l,1
6797,3001,the_greek_s,1
6798,3002,four_cheese_l,1
6799,3002,ital_supr_l,1
6800,3002,pep_msh_pep_m,1
6801,3002,southw_ckn_l,1
6802,3003,ckn_pesto_m,1
6803,3003,peppr_salami_s,1
6804,3004,sicilian_l,1
6805,3005,mexicana_l,1
6806,3006,calabrese_s,1
6807,3006,ckn_pesto_l,1
6808,3006,green_garden_s,1
6809,3006,pepperoni_l,1
6810,3007,ital_veggie_m,1
6811,3008,cali_ckn_l,1
6812,3009,big_meat_s,1
6813,3009,ital_supr_l,1
6814,3009,spicy_ital_l,1
6815,3010,brie_carre_s,1
6816,3010,cali_ckn_l,1
6817,3010,hawaiian_m,1
6818,3011,spicy_ital_m,1
6819,3012,ckn_pesto_s,2
6820,3012,napolitana_m,1
6821,3012,pepperoni_m,1
6822,3012,spicy_ital_l,1
6823,3013,southw_ckn_l,1
6824,3014,big_meat_s,1
6825,3014,hawaiian_l,1
6826,3014,prsc_argla_s,2
6827,3014,southw_ckn_l,1
6828,3015,bbq_ckn_m,1
6829,3016,green_garden_m,1
6830,3016,pepperoni_m,1
6831,3017,five_cheese_l,1
6832,3018,calabrese_m,1
6833,3018,ckn_pesto_l,1
6834,3018,four_cheese_m,1
6835,3018,mediterraneo_l,1
6836,3018,napolitana_l,1
6837,3018,spinach_fet_l,1
6838,3018,the_greek_l,1
6839,3019,bbq_ckn_s,1
6840,3020,spinach_supr_s,1
6841,3021,thai_ckn_l,1
6842,3022,calabrese_m,1
6843,3022,cali_ckn_m,1
6844,3022,ckn_alfredo_s,1
6845,3022,veggie_veg_m,1
6846,3023,peppr_salami_m,1
6847,3023,sicilian_s,1
6848,3024,bbq_ckn_s,1
6849,3025,big_meat_s,1
6850,3026,cali_ckn_s,1
6851,3026,ital_supr_m,1
6852,3026,spin_pesto_s,1
6853,3026,the_greek_xl,1
6854,3027,classic_dlx_l,1
6855,3027,mexicana_l,1
6856,3027,spinach_supr_s,1
6857,3027,thai_ckn_l,1
6858,3028,mexicana_l,1
6859,3029,cali_ckn_s,1
6860,3029,pepperoni_l,1
6861,3029,prsc_argla_l,1
6862,3029,spin_pesto_s,1
6863,3030,cali_ckn_l,1
6864,3030,classic_dlx_m,1
6865,3030,napolitana_s,1
6866,3030,prsc_argla_l,1
6867,3031,bbq_ckn_m,1
6868,3031,ckn_pesto_s,1
6869,3031,southw_ckn_s,1
6870,3032,ital_supr_s,1
6871,3032,prsc_argla_m,1
6872,3032,prsc_argla_s,1
6873,3032,sicilian_l,1
6874,3033,ital_cpcllo_s,1
6875,3034,five_cheese_l,1
6876,3034,thai_ckn_l,1
6877,3034,the_greek_m,1
6878,3035,big_meat_s,1
6879,3035,mediterraneo_l,1
6880,3036,calabrese_m,1
6881,3036,ckn_pesto_m,1
6882,3037,bbq_ckn_l,1
6883,3037,hawaiian_m,1
6884,3038,ckn_pesto_l,1
6885,3038,pepperoni_l,1
6886,3039,classic_dlx_m,1
6887,3039,mexicana_s,1
6888,3040,pep_msh_pep_m,1
6889,3040,the_greek_m,1
6890,3041,bbq_ckn_l,1
6891,3041,ckn_pesto_l,1
6892,3041,pepperoni_m,1
6893,3041,spicy_ital_l,1
6894,3042,ital_supr_l,1
6895,3042,mexicana_s,1
6896,3042,napolitana_m,1
6897,3042,thai_ckn_l,1
6898,3043,cali_ckn_l,1
6899,3043,hawaiian_l,1
6900,3044,cali_ckn_m,1
6901,3045,cali_ckn_s,1
6902,3045,pepperoni_l,1
6903,3046,veggie_veg_m,1
6904,3047,bbq_ckn_s,1
6905,3047,calabrese_m,1
6906,3047,spicy_ital_s,1
6907,3047,veggie_veg_l,1
6908,3048,pepperoni_m,1
6909,3048,soppressata_m,1
6910,3048,the_greek_l,1
6911,3049,peppr_salami_s,1
6912,3050,cali_ckn_l,2
6913,3050,ital_supr_l,1
6914,3050,prsc_argla_m,1
6915,3051,pepperoni_s,1
6916,3051,sicilian_l,1
6917,3052,veggie_veg_s,1
6918,3053,brie_carre_s,1
6919,3053,five_cheese_l,1
6920,3053,mediterraneo_l,1
6921,3053,veggie_veg_m,1
6922,3054,ckn_pesto_s,1
6923,3054,green_garden_s,1
6924,3055,mexicana_l,2
6925,3055,napolitana_m,1
6926,3055,spinach_fet_m,1
6927,3056,spinach_supr_s,2
6928,3057,ital_veggie_s,1
6929,3058,four_cheese_m,1
6930,3058,hawaiian_l,1
6931,3058,soppressata_s,1
6932,3059,big_meat_s,1
6933,3059,cali_ckn_m,1
6934,3060,cali_ckn_m,1
6935,3060,pepperoni_l,1
6936,3061,cali_ckn_s,1
6937,3061,spinach_fet_m,1
6938,3062,spin_pesto_s,1
6939,3063,four_cheese_l,1
6940,3063,mediterraneo_l,1
6941,3063,veggie_veg_s,1
6942,3064,prsc_argla_l,2
6943,3065,cali_ckn_l,1
6944,3065,peppr_salami_l,1
6945,3065,spinach_supr_s,1
6946,3066,ckn_alfredo_m,1
6947,3066,pep_msh_pep_s,1
6948,3067,cali_ckn_m,1
6949,3067,mediterraneo_l,1
6950,3067,southw_ckn_l,1
6951,3067,spinach_supr_m,1
6952,3068,classic_dlx_m,1
6953,3069,ital_cpcllo_l,1
6954,3069,pepperoni_s,1
6955,3070,pepperoni_m,1
6956,3071,classic_dlx_l,1
6957,3071,hawaiian_s,1
6958,3071,pepperoni_l,1
6959,3071,peppr_salami_l,1
6960,3072,classic_dlx_m,1
6961,3072,classic_dlx_s,1
6962,3072,spin_pesto_m,1
6963,3072,thai_ckn_l,1
6964,3073,four_cheese_l,1
6965,3074,bbq_ckn_l,1
6966,3074,cali_ckn_l,1
6967,3075,calabrese_s,1
6968,3075,ital_supr_m,1
6969,3075,mediterraneo_m,1
6970,3076,four_cheese_l,1
6971,3076,ital_cpcllo_s,1
6972,3076,ital_supr_l,1
6973,3077,thai_ckn_l,1
6974,3078,mediterraneo_s,1
6975,3079,big_meat_s,1
6976,3080,big_meat_s,1
6977,3080,napolitana_l,1
6978,3080,pepperoni_s,1
6979,3080,southw_ckn_m,1
6980,3081,napolitana_l,1
6981,3082,bbq_ckn_l,1
6982,3082,bbq_ckn_s,1
6983,3082,calabrese_l,1
6984,3082,hawaiian_m,1
6985,3082,ital_veggie_m,1
6986,3082,napolitana_s,1
6987,3082,southw_ckn_s,1
6988,3082,spicy_ital_l,1
6989,3082,thai_ckn_s,1
6990,3083,five_cheese_l,1
6991,3083,four_cheese_l,2
6992,3083,four_cheese_m,1
6993,3084,cali_ckn_m,1
6994,3084,ital_veggie_m,1
6995,3085,pep_msh_pep_s,1
6996,3086,mediterraneo_m,1
6997,3087,classic_dlx_l,1
6998,3087,green_garden_s,1
6999,3088,soppressata_m,1
7000,3088,the_greek_s,1
7001,3089,big_meat_s,1
7002,3089,thai_ckn_m,1
7003,3089,the_greek_l,1
7004,3090,classic_dlx_m,1
7005,3090,five_cheese_l,1
7006,3090,hawaiian_s,1
7007,3090,napolitana_s,1
7008,3091,spin_pesto_m,1
7009,3091,thai_ckn_l,1
7010,3092,green_garden_m,1
7011,3092,ital_veggie_m,1
7012,3092,southw_ckn_l,1
7013,3093,hawaiian_m,1
7014,3094,big_meat_s,1
7015,3095,bbq_ckn_l,2
7016,3095,brie_carre_s,1
7017,3095,ckn_pesto_m,1
7018,3095,four_cheese_m,1
7019,3095,sicilian_s,1
7020,3095,thai_ckn_l,1
7021,3095,thai_ckn_m,1
7022,3096,four_cheese_l,1
7023,3096,mediterraneo_l,1
7024,3097,bbq_ckn_l,1
7025,3097,brie_carre_s,1
7026,3097,prsc_argla_m,1
7027,3098,ital_veggie_m,1
7028,3098,spicy_ital_l,1
7029,3099,ital_veggie_m,1
7030,3100,the_greek_s,1
7031,3101,big_meat_s,1
7032,3101,calabrese_l,1
7033,3101,four_cheese_l,1
7034,3101,spicy_ital_l,1
7035,3102,big_meat_s,1
7036,3102,classic_dlx_l,1
7037,3102,spin_pesto_s,1
7038,3103,bbq_ckn_m,1
7039,3104,thai_ckn_l,1
7040,3105,big_meat_s,2
7041,3105,four_cheese_l,1
7042,3105,ital_veggie_s,1
7043,3106,ital_supr_m,1
7044,3107,sicilian_l,1
7045,3107,southw_ckn_m,1
7046,3108,bbq_ckn_m,1
7047,3108,pep_msh_pep_s,1
7048,3108,spicy_ital_l,1
7049,3108,thai_ckn_l,1
7050,3109,cali_ckn_l,1
7051,3109,four_cheese_l,1
7052,3109,veggie_veg_l,1
7053,3110,classic_dlx_s,1
7054,3111,calabrese_m,1
7055,3111,thai_ckn_l,1
7056,3112,brie_carre_s,1
7057,3112,four_cheese_l,1
7058,3112,ital_veggie_s,1
7059,3112,veggie_veg_s,1
7060,3113,calabrese_l,1
7061,3113,classic_dlx_l,1
7062,3114,cali_ckn_l,1
7063,3115,veggie_veg_s,1
7064,3116,five_cheese_l,1
7065,3116,ital_cpcllo_s,1
7066,3117,pepperoni_m,1
7067,3118,calabrese_l,1
7068,3118,peppr_salami_m,1
7069,3119,green_garden_m,1
7070,3120,bbq_ckn_l,1
7071,3120,pepperoni_m,1
7072,3121,ital_cpcllo_l,1
7073,3122,classic_dlx_s,1
7074,3122,green_garden_l,1
7075,3123,green_garden_s,1
7076,3123,southw_ckn_l,1
7077,3124,four_cheese_l,1
7078,3124,pepperoni_l,1
7079,3124,spinach_fet_m,1
7080,3125,five_cheese_l,1
7081,3125,hawaiian_l,1
7082,3125,veggie_veg_s,1
7083,3126,cali_ckn_m,1
7084,3127,ckn_alfredo_m,1
7085,3127,ital_cpcllo_l,1
7086,3127,veggie_veg_l,1
7087,3128,hawaiian_l,1
7088,3129,napolitana_s,1
7089,3130,napolitana_m,1
7090,3130,pep_msh_pep_s,1
7091,3131,southw_ckn_s,1
7092,3132,bbq_ckn_m,1
7093,3132,cali_ckn_s,1
7094,3132,four_cheese_l,1
7095,3133,mediterraneo_l,1
7096,3133,napolitana_l,1
7097,3133,soppressata_l,1
7098,3134,big_meat_s,1
7099,3134,classic_dlx_m,1
7100,3135,bbq_ckn_l,1
7101,3136,cali_ckn_l,1
7102,3136,hawaiian_s,1
7103,3136,pepperoni_m,1
7104,3136,peppr_salami_l,1
7105,3136,sicilian_m,3
7106,3136,spicy_ital_m,1
7107,3136,spinach_fet_s,1
7108,3136,thai_ckn_l,2
7109,3137,pep_msh_pep_l,1
7110,3138,bbq_ckn_l,1
7111,3138,cali_ckn_l,1
7112,3138,ckn_alfredo_l,1
7113,3138,ckn_pesto_m,1
7114,3138,classic_dlx_m,1
7115,3138,pep_msh_pep_s,1
7116,3138,pepperoni_s,1
7117,3138,southw_ckn_l,1
7118,3139,ital_cpcllo_m,1
7119,3140,prsc_argla_s,1
7120,3141,the_greek_xl,1
7121,3142,cali_ckn_s,1
7122,3142,ital_cpcllo_l,1
7123,3142,spin_pesto_s,1
7124,3142,spinach_fet_m,1
7125,3143,big_meat_s,1
7126,3143,prsc_argla_l,1
7127,3144,five_cheese_l,1
7128,3144,ital_veggie_s,1
7129,3144,pep_msh_pep_l,1
7130,3144,southw_ckn_l,1
7131,3145,bbq_ckn_m,1
7132,3145,classic_dlx_s,1
7133,3145,hawaiian_s,1
7134,3145,pepperoni_m,1
7135,3146,four_cheese_l,1
7136,3146,peppr_salami_s,1
7137,3146,spicy_ital_m,2
7138,3147,classic_dlx_s,1
7139,3147,sicilian_m,1
7140,3147,soppressata_l,1
7141,3147,spinach_supr_l,1
7142,3148,sicilian_m,1
7143,3149,sicilian_s,1
7144,3149,spicy_ital_l,1
7145,3149,spinach_supr_s,1
7146,3150,five_cheese_l,1
7147,3151,green_garden_s,1
7148,3151,spinach_fet_l,1
7149,3151,veggie_veg_m,1
7150,3152,ital_cpcllo_l,1
7151,3152,mexicana_s,1
7152,3152,pep_msh_pep_l,1
7153,3152,the_greek_xl,1
7154,3153,pep_msh_pep_s,1
7155,3153,veggie_veg_l,1
7156,3154,the_greek_m,1
7157,3155,thai_ckn_m,1
7158,3156,cali_ckn_l,1
7159,3156,thai_ckn_m,1
7160,3157,cali_ckn_s,1
7161,3157,classic_dlx_m,1
7162,3158,hawaiian_s,1
7163,3159,peppr_salami_l,1
7164,3159,veggie_veg_s,1
7165,3160,calabrese_l,1
7166,3160,cali_ckn_m,1
7167,3161,five_cheese_l,1
7168,3161,pep_msh_pep_s,1
7169,3161,sicilian_m,1
7170,3161,sicilian_s,1
7171,3162,five_cheese_l,1
7172,3162,pep_msh_pep_l,1
7173,3162,southw_ckn_s,1
7174,3163,big_meat_s,1
7175,3164,spin_pesto_m,1
7176,3165,thai_ckn_l,1
7177,3165,the_greek_l,1
7178,3166,cali_ckn_l,1
7179,3167,ckn_alfredo_s,1
7180,3167,sicilian_m,1
7181,3167,spicy_ital_m,1
7182,3167,spin_pesto_l,1
7183,3168,big_meat_s,1
7184,3169,bbq_ckn_m,1
7185,3169,big_meat_s,1
7186,3169,hawaiian_s,1
7187,3169,spinach_fet_s,1
7188,3170,classic_dlx_l,1
7189,3170,spin_pesto_m,1
7190,3170,thai_ckn_s,1
7191,3171,soppressata_l,1
7192,3172,bbq_ckn_l,1
7193,3172,classic_dlx_s,1
7194,3173,cali_ckn_s,1
7195,3173,napolitana_m,1
7196,3173,pep_msh_pep_m,1
7197,3174,ckn_pesto_l,1
7198,3175,hawaiian_s,1
7199,3175,ital_supr_l,1
7200,3175,soppressata_l,1
7201,3176,cali_ckn_m,1
7202,3176,mediterraneo_s,1
7203,3177,ckn_pesto_m,1
7204,3177,pepperoni_l,1
7205,3178,spicy_ital_s,1
7206,3179,bbq_ckn_m,1
7207,3179,ital_veggie_l,1
7208,3179,ital_veggie_m,1
7209,3179,southw_ckn_l,1
7210,3180,prsc_argla_l,1
7211,3181,cali_ckn_l,1
7212,3181,veggie_veg_m,1
7213,3182,ital_veggie_m,1
7214,3183,ital_supr_l,1
7215,3184,green_garden_l,1
7216,3185,ital_supr_m,1
7217,3185,napolitana_l,1
7218,3185,veggie_veg_s,1
7219,3186,cali_ckn_l,1
7220,3186,napolitana_l,1
7221,3186,pep_msh_pep_s,1
7222,3187,bbq_ckn_l,2
7223,3187,cali_ckn_m,1
7224,3187,classic_dlx_m,1
7225,3187,five_cheese_l,1
7226,3187,ital_cpcllo_m,1
7227,3187,pepperoni_m,1
7228,3187,pepperoni_s,1
7229,3187,sicilian_l,1
7230,3187,southw_ckn_s,1
7231,3187,spicy_ital_l,1
7232,3187,spicy_ital_m,2
7233,3187,spinach_fet_l,1
7234,3188,soppressata_l,1
7235,3189,cali_ckn_l,2
7236,3189,ckn_alfredo_l,1
7237,3189,hawaiian_l,1
7238,3189,ital_cpcllo_l,1
7239,3189,pepperoni_m,1
7240,3189,southw_ckn_l,1
7241,3189,thai_ckn_l,1
7242,3189,the_greek_xl,1
7243,3190,five_cheese_l,1
7244,3190,veggie_veg_s,1
7245,3191,ital_supr_l,1
7246,3191,veggie_veg_l,1
7247,3192,pep_msh_pep_m,1
7248,3193,spinach_supr_m,1
7249,3194,four_cheese_l,1
7250,3195,ckn_alfredo_m,1
7251,3195,pep_msh_pep_s,1
7252,3195,the_greek_s,1
7253,3196,napolitana_l,1
7254,3196,spicy_ital_l,1
7255,3197,classic_dlx_m,1
7256,3198,green_garden_l,1
7257,3198,veggie_veg_l,1
7258,3199,brie_carre_s,1
7259,3199,thai_ckn_s,1
7260,3200,hawaiian_l,1
7261,3200,spinach_supr_m,1
7262,3201,ckn_pesto_l,1
7263,3201,ital_cpcllo_l,1
7264,3201,spinach_supr_l,1
7265,3201,veggie_veg_l,1
7266,3202,ckn_pesto_m,1
7267,3202,ital_cpcllo_m,1
7268,3202,spinach_fet_s,1
7269,3202,the_greek_xl,1
7270,3203,thai_ckn_l,1
7271,3203,veggie_veg_s,1
7272,3204,napolitana_s,1
7273,3204,prsc_argla_l,1
7274,3205,cali_ckn_m,1
7275,3205,napolitana_l,1
7276,3205,thai_ckn_l,1
7277,3206,big_meat_s,1
7278,3206,pepperoni_s,1
7279,3206,spin_pesto_l,1
7280,3206,spinach_supr_s,1
7281,3207,classic_dlx_l,1
7282,3207,hawaiian_s,1
7283,3208,classic_dlx_s,1
7284,3209,big_meat_s,1
7285,3210,classic_dlx_s,1
7286,3210,ital_cpcllo_s,1
7287,3210,mexicana_l,1
7288,3210,spinach_fet_s,1
7289,3211,calabrese_s,1
7290,3211,classic_dlx_m,1
7291,3212,bbq_ckn_m,1
7292,3212,mexicana_l,1
7293,3213,cali_ckn_s,1
7294,3214,prsc_argla_s,1
7295,3215,pepperoni_l,1
7296,3216,four_cheese_l,1
7297,3216,ital_supr_l,1
7298,3216,ital_veggie_s,1
7299,3216,mexicana_l,1
7300,3217,cali_ckn_m,1
7301,3217,ckn_alfredo_m,1
7302,3217,four_cheese_m,1
7303,3217,prsc_argla_s,1
7304,3218,classic_dlx_s,1
7305,3219,calabrese_m,1
7306,3219,prsc_argla_l,1
7307,3220,hawaiian_l,1
7308,3221,classic_dlx_l,1
7309,3222,hawaiian_m,1
7310,3222,peppr_salami_s,1
7311,3222,spinach_supr_s,1
7312,3223,calabrese_l,1
7313,3223,green_garden_l,1
7314,3223,veggie_veg_s,1
7315,3224,big_meat_s,1
7316,3225,classic_dlx_l,1
7317,3226,classic_dlx_m,1
7318,3226,mexicana_l,1
7319,3226,pepperoni_s,2
7320,3226,peppr_salami_l,1
7321,3226,soppressata_l,1
7322,3227,ckn_alfredo_m,1
7323,3227,spicy_ital_s,1
7324,3228,hawaiian_s,1
7325,3228,napolitana_l,1
7326,3229,five_cheese_l,1
7327,3229,sicilian_s,1
7328,3230,soppressata_s,1
7329,3230,thai_ckn_l,1
7330,3231,four_cheese_l,1
7331,3231,spin_pesto_m,1
7332,3232,five_cheese_l,1
7333,3232,four_cheese_l,1
7334,3232,green_garden_m,1
7335,3232,spicy_ital_s,1
7336,3233,thai_ckn_l,1
7337,3234,bbq_ckn_m,1
7338,3234,bbq_ckn_s,1
7339,3234,brie_carre_s,1
7340,3234,cali_ckn_l,1
7341,3234,cali_ckn_s,1
7342,3234,five_cheese_l,1
7343,3234,hawaiian_m,1
7344,3234,pepperoni_s,1
7345,3234,soppressata_l,1
7346,3234,southw_ckn_m,1
7347,3235,peppr_salami_l,1
7348,3236,bbq_ckn_l,1
7349,3236,brie_carre_s,1
7350,3236,southw_ckn_m,1
7351,3236,spinach_supr_m,1
7352,3237,cali_ckn_m,1
7353,3238,spicy_ital_l,1
7354,3239,peppr_salami_l,1
7355,3240,big_meat_s,1
7356,3240,ital_veggie_s,1
7357,3240,spicy_ital_s,1
7358,3241,big_meat_s,1
7359,3242,calabrese_m,1
7360,3242,sicilian_s,1
7361,3242,spinach_supr_l,1
7362,3243,peppr_salami_s,1
7363,3243,spinach_supr_s,1
7364,3244,calabrese_l,1
7365,3244,ital_supr_m,1
7366,3245,veggie_veg_l,1
7367,3246,calabrese_m,1
7368,3246,five_cheese_l,1
7369,3246,ital_supr_s,1
7370,3247,ital_supr_m,1
7371,3248,pep_msh_pep_s,1
7372,3249,classic_dlx_l,1
7373,3249,hawaiian_m,1
7374,3249,peppr_salami_s,1
7375,3250,bbq_ckn_l,1
7376,3250,hawaiian_m,1
7377,3250,prsc_argla_m,1
7378,3250,thai_ckn_s,1
7379,3251,ital_supr_l,1
7380,3252,peppr_salami_l,1
7381,3253,pep_msh_pep_m,1
7382,3254,hawaiian_l,1
7383,3254,mexicana_l,1
7384,3254,napolitana_s,1
7385,3255,southw_ckn_l,1
7386,3255,southw_ckn_m,1
7387,3255,veggie_veg_s,1
7388,3256,ckn_pesto_m,1
7389,3256,classic_dlx_l,1
7390,3256,pepperoni_l,1
7391,3256,pepperoni_s,1
7392,3257,napolitana_l,1
7393,3257,southw_ckn_l,1
7394,3258,four_cheese_m,1
7395,3258,hawaiian_s,1
7396,3258,spin_pesto_s,1
7397,3259,calabrese_l,1
7398,3260,southw_ckn_s,1
7399,3260,veggie_veg_m,1
7400,3261,bbq_ckn_l,1
7401,3261,five_cheese_l,1
7402,3261,pepperoni_m,1
7403,3261,prsc_argla_m,1
7404,3262,cali_ckn_l,1
7405,3262,pep_msh_pep_m,1
7406,3262,spin_pesto_s,1
7407,3263,bbq_ckn_l,1
7408,3264,classic_dlx_m,1
7409,3264,spinach_fet_m,1
7410,3265,calabrese_m,2
7411,3265,ital_cpcllo_s,1
7412,3265,pepperoni_s,1
7413,3266,brie_carre_s,1
7414,3266,green_garden_s,1
7415,3267,green_garden_s,1
7416,3267,pepperoni_m,1
7417,3268,peppr_salami_s,1
7418,3268,spicy_ital_l,1
7419,3269,hawaiian_s,1
7420,3269,sicilian_m,1
7421,3269,thai_ckn_l,1
7422,3270,mexicana_l,1
7423,3271,ital_supr_l,1
7424,3272,four_cheese_l,1
7425,3272,ital_cpcllo_m,1
7426,3273,five_cheese_l,1
7427,3273,ital_cpcllo_l,1
7428,3274,pepperoni_m,1
7429,3274,thai_ckn_l,1
7430,3275,the_greek_xl,1
7431,3276,hawaiian_m,1
7432,3276,the_greek_m,1
7433,3277,five_cheese_l,1
7434,3278,cali_ckn_s,1
7435,3278,hawaiian_s,1
7436,3278,napolitana_l,1
7437,3278,sicilian_s,1
7438,3279,bbq_ckn_s,1
7439,3279,thai_ckn_l,1
7440,3280,cali_ckn_m,1
7441,3280,five_cheese_l,1
7442,3280,pepperoni_l,1
7443,3280,prsc_argla_m,1
7444,3281,five_cheese_l,1
7445,3281,pepperoni_m,1
7446,3281,spinach_supr_s,1
7447,3282,spinach_supr_m,1
7448,3283,four_cheese_l,2
7449,3283,napolitana_s,1
7450,3284,hawaiian_s,1
7451,3285,bbq_ckn_m,1
7452,3286,big_meat_s,1
7453,3286,ckn_pesto_s,1
7454,3286,thai_ckn_l,1
7455,3286,veggie_veg_s,1
7456,3287,bbq_ckn_m,1
7457,3287,four_cheese_m,1
7458,3288,cali_ckn_l,1
7459,3288,ckn_pesto_l,1
7460,3288,ital_cpcllo_l,1
7461,3289,cali_ckn_m,1
7462,3289,four_cheese_m,1
7463,3289,pepperoni_m,1
7464,3289,peppr_salami_m,1
7465,3289,veggie_veg_l,1
7466,3290,ital_veggie_m,1
7467,3290,soppressata_m,1
7468,3290,thai_ckn_s,1
7469,3291,big_meat_s,1
7470,3292,big_meat_s,1
7471,3292,calabrese_m,1
7472,3292,five_cheese_l,1
7473,3292,four_cheese_l,1
7474,3292,pep_msh_pep_m,2
7475,3292,pepperoni_l,1
7476,3292,pepperoni_m,1
7477,3292,prsc_argla_m,1
7478,3292,sicilian_m,1
7479,3292,southw_ckn_l,1
7480,3292,spin_pesto_l,1
7481,3292,spinach_supr_s,1
7482,3292,the_greek_xl,1
7483,3293,ckn_alfredo_m,1
7484,3294,pep_msh_pep_m,1
7485,3294,veggie_veg_l,1
7486,3295,ital_cpcllo_l,1
7487,3296,bbq_ckn_m,1
7488,3296,big_meat_s,1
7489,3296,classic_dlx_m,1
7490,3297,ital_supr_m,1
7491,3297,the_greek_xxl,1
7492,3298,ckn_pesto_s,1
7493,3299,four_cheese_l,1
7494,3299,spinach_fet_s,1
7495,3300,hawaiian_l,1
7496,3301,spinach_fet_l,1
7497,3302,ckn_pesto_s,1
7498,3302,classic_dlx_l,1
7499,3303,soppressata_l,1
7500,3304,big_meat_s,1
7501,3304,ckn_alfredo_m,1
7502,3304,classic_dlx_m,1
7503,3304,hawaiian_s,1
7504,3304,mexicana_l,1
7505,3304,southw_ckn_s,1
7506,3304,spinach_fet_m,1
7507,3305,ital_veggie_s,1
7508,3306,spicy_ital_l,1
7509,3307,pep_msh_pep_s,1
7510,3307,soppressata_l,1
7511,3307,soppressata_s,1
7512,3308,ital_supr_s,1
7513,3308,sicilian_m,1
7514,3309,classic_dlx_s,1
7515,3309,peppr_salami_l,1
7516,3310,bbq_ckn_l,1
7517,3310,ital_veggie_m,1
7518,3310,spinach_fet_s,1
7519,3311,five_cheese_l,1
7520,3311,sicilian_m,1
7521,3311,thai_ckn_l,1
7522,3311,veggie_veg_l,1
7523,3312,ital_cpcllo_l,1
7524,3312,napolitana_m,1
7525,3313,mexicana_m,1
7526,3314,big_meat_s,1
7527,3314,four_cheese_l,1
7528,3314,pep_msh_pep_s,1
7529,3315,sicilian_m,1
7530,3315,spinach_fet_s,1
7531,3316,veggie_veg_m,1
7532,3317,five_cheese_l,1
7533,3317,peppr_salami_m,1
7534,3318,green_garden_s,1
7535,3318,thai_ckn_l,1
7536,3319,calabrese_m,1
7537,3320,green_garden_s,1
7538,3320,spinach_supr_l,1
7539,3321,four_cheese_l,1
7540,3321,southw_ckn_m,1
7541,3321,spin_pesto_m,1
7542,3321,spinach_fet_s,1
7543,3322,big_meat_s,1
7544,3322,four_cheese_m,1
7545,3322,sicilian_l,1
7546,3322,spicy_ital_l,1
7547,3323,classic_dlx_m,1
7548,3323,pep_msh_pep_l,1
7549,3324,peppr_salami_s,1
7550,3325,green_garden_s,1
7551,3325,ital_cpcllo_l,1
7552,3326,five_cheese_l,1
7553,3326,spicy_ital_s,1
7554,3327,four_cheese_l,1
7555,3328,ital_veggie_m,1
7556,3328,southw_ckn_m,1
7557,3329,napolitana_m,1
7558,3329,southw_ckn_l,1
7559,3329,veggie_veg_m,1
7560,3330,ckn_alfredo_s,1
7561,3330,four_cheese_m,1
7562,3330,pepperoni_m,1
7563,3330,soppressata_l,1
7564,3331,soppressata_m,1
7565,3332,sicilian_l,1
7566,3333,bbq_ckn_s,1
7567,3334,four_cheese_l,1
7568,3334,napolitana_l,1
7569,3335,cali_ckn_s,1
7570,3335,sicilian_s,1
7571,3336,spinach_fet_m,1
7572,3337,ckn_alfredo_s,1
7573,3337,classic_dlx_s,1
7574,3337,thai_ckn_m,1
7575,3337,thai_ckn_s,1
7576,3338,big_meat_s,1
7577,3339,ckn_pesto_l,1
7578,3339,prsc_argla_m,1
7579,3340,mexicana_l,1
7580,3340,the_greek_s,1
7581,3341,big_meat_s,2
7582,3342,ital_supr_l,1
7583,3342,sicilian_l,1
7584,3342,sicilian_m,1
7585,3343,southw_ckn_l,1
7586,3344,cali_ckn_m,1
7587,3344,napolitana_m,1
7588,3345,napolitana_s,1
7589,3346,big_meat_s,1
7590,3346,spinach_supr_s,1
7591,3347,mexicana_s,1
7592,3348,napolitana_l,1
7593,3348,sicilian_l,1
7594,3349,big_meat_s,1
7595,3349,pep_msh_pep_s,1
7596,3349,peppr_salami_m,1
7597,3350,pep_msh_pep_s,1
7598,3350,pepperoni_l,1
7599,3350,sicilian_m,2
7600,3351,four_cheese_l,1
7601,3351,sicilian_s,1
7602,3352,the_greek_xl,1
7603,3353,ital_cpcllo_l,1
7604,3353,spinach_fet_m,1
7605,3353,thai_ckn_l,1
7606,3354,hawaiian_l,1
7607,3354,mexicana_l,1
7608,3355,bbq_ckn_m,1
7609,3355,hawaiian_l,2
7610,3355,ital_supr_l,1
7611,3355,mexicana_l,1
7612,3355,mexicana_s,1
7613,3355,pep_msh_pep_l,1
7614,3355,pepperoni_m,1
7615,3355,soppressata_l,1
7616,3355,soppressata_m,1
7617,3356,thai_ckn_m,1
7618,3357,classic_dlx_m,1
7619,3357,spinach_supr_m,1
7620,3357,thai_ckn_s,1
7621,3358,thai_ckn_s,1
7622,3359,ital_veggie_l,1
7623,3360,big_meat_s,1
7624,3360,cali_ckn_m,1
7625,3360,ital_supr_s,1
7626,3361,ital_veggie_s,1
7627,3361,spin_pesto_s,1
7628,3362,hawaiian_l,1
7629,3363,bbq_ckn_m,1
7630,3363,cali_ckn_l,1
7631,3363,cali_ckn_m,1
7632,3363,five_cheese_l,1
7633,3363,ital_veggie_m,1
7634,3363,mediterraneo_l,1
7635,3363,napolitana_m,1
7636,3363,pep_msh_pep_s,1
7637,3363,pepperoni_s,1
7638,3363,prsc_argla_l,1
7639,3363,spinach_supr_s,1
7640,3363,thai_ckn_l,1
7641,3364,ckn_pesto_l,1
7642,3364,ckn_pesto_m,1
7643,3364,sicilian_l,1
7644,3364,spinach_fet_s,1
7645,3365,four_cheese_l,1
7646,3366,napolitana_s,1
7647,3366,southw_ckn_m,1
7648,3366,veggie_veg_s,1
7649,3367,pepperoni_m,1
7650,3368,peppr_salami_s,1
7651,3369,five_cheese_l,1
7652,3369,hawaiian_s,1
7653,3369,peppr_salami_s,1
7654,3370,ckn_pesto_s,1
7655,3370,pepperoni_s,1
7656,3370,spinach_fet_s,1
7657,3371,ital_cpcllo_m,1
7658,3371,mexicana_l,1
7659,3371,pepperoni_m,1
7660,3371,thai_ckn_l,1
7661,3372,calabrese_m,1
7662,3372,hawaiian_l,1
7663,3372,ital_cpcllo_m,1
7664,3372,pepperoni_l,1
7665,3373,peppr_salami_m,1
7666,3373,spicy_ital_l,1
7667,3374,ital_cpcllo_l,1
7668,3374,spinach_supr_l,1
7669,3375,the_greek_s,1
7670,3376,ckn_pesto_s,1
7671,3377,classic_dlx_m,1
7672,3378,peppr_salami_s,1
7673,3379,ital_veggie_l,1
7674,3379,peppr_salami_s,1
7675,3380,mediterraneo_l,1
7676,3380,soppressata_l,1
7677,3381,classic_dlx_m,1
7678,3381,veggie_veg_l,1
7679,3382,ckn_alfredo_m,1
7680,3382,napolitana_s,1
7681,3382,sicilian_l,1
7682,3383,big_meat_s,1
7683,3384,hawaiian_s,1
7684,3384,mediterraneo_m,1
7685,3384,spinach_fet_m,1
7686,3384,thai_ckn_s,1
7687,3385,hawaiian_s,1
7688,3385,prsc_argla_m,2
7689,3386,cali_ckn_l,1
7690,3386,spinach_fet_s,1
7691,3387,classic_dlx_m,1
7692,3387,sicilian_s,1
7693,3387,soppressata_m,1
7694,3388,hawaiian_m,1
7695,3388,spinach_fet_m,1
7696,3389,ital_veggie_s,1
7697,3390,ital_veggie_m,1
7698,3390,pep_msh_pep_l,1
7699,3390,the_greek_xl,1
7700,3391,cali_ckn_m,1
7701,3391,pepperoni_l,1
7702,3391,peppr_salami_l,1
7703,3391,sicilian_l,1
7704,3392,bbq_ckn_l,1
7705,3392,four_cheese_l,2
7706,3392,mexicana_l,1
7707,3393,southw_ckn_m,1
7708,3394,hawaiian_l,1
7709,3394,prsc_argla_s,1
7710,3394,veggie_veg_l,1
7711,3395,big_meat_s,1
7712,3395,five_cheese_l,1
7713,3396,ital_cpcllo_l,1
7714,3397,hawaiian_l,1
7715,3397,prsc_argla_m,1
7716,3398,cali_ckn_m,1
7717,3398,ckn_alfredo_m,1
7718,3398,pepperoni_m,1
7719,3398,thai_ckn_l,1
7720,3399,hawaiian_s,1
7721,3399,mediterraneo_m,1
7722,3399,pepperoni_m,1
7723,3399,the_greek_m,1
7724,3400,ckn_pesto_l,1
7725,3401,big_meat_s,1
7726,3401,peppr_salami_s,1
7727,3401,southw_ckn_l,1
7728,3402,calabrese_m,1
7729,3402,classic_dlx_m,1
7730,3402,napolitana_s,1
7731,3403,bbq_ckn_l,1
7732,3403,four_cheese_l,1
7733,3403,peppr_salami_l,1
7734,3403,peppr_salami_s,1
7735,3404,spicy_ital_l,1
7736,3404,spinach_supr_s,1
7737,3405,peppr_salami_l,1
7738,3406,cali_ckn_s,1
7739,3406,green_garden_l,1
7740,3407,prsc_argla_l,1
7741,3408,cali_ckn_l,1
7742,3409,ckn_alfredo_l,1
7743,3409,ital_supr_m,1
7744,3410,pep_msh_pep_m,1
7745,3410,the_greek_l,1
7746,3411,spin_pesto_m,1
7747,3412,bbq_ckn_l,1
7748,3412,five_cheese_l,1
7749,3412,hawaiian_m,1
7750,3412,pepperoni_m,1
7751,3412,peppr_salami_l,1
7752,3413,ckn_pesto_l,1
7753,3413,classic_dlx_s,1
7754,3413,four_cheese_m,1
7755,3413,peppr_salami_s,1
7756,3414,pep_msh_pep_s,1
7757,3415,ital_supr_m,1
7758,3415,mediterraneo_m,1
7759,3415,napolitana_s,1
7760,3415,spin_pesto_l,1
7761,3416,ital_veggie_m,1
7762,3417,cali_ckn_m,1
7763,3417,four_cheese_m,1
7764,3417,ital_veggie_l,1
7765,3417,sicilian_s,1
7766,3417,southw_ckn_l,1
7767,3418,four_cheese_l,1
7768,3418,hawaiian_s,1
7769,3418,prsc_argla_s,1
7770,3419,cali_ckn_l,1
7771,3419,ckn_alfredo_m,1
7772,3419,pepperoni_l,1
7773,3419,sicilian_s,1
7774,3420,four_cheese_l,1
7775,3421,sicilian_m,1
7776,3421,southw_ckn_m,1
7777,3422,pepperoni_s,1
7778,3423,big_meat_s,1
7779,3423,ital_cpcllo_s,1
7780,3423,ital_veggie_s,1
7781,3423,pep_msh_pep_l,1
7782,3423,sicilian_m,1
7783,3423,soppressata_s,1
7784,3423,spin_pesto_l,1
7785,3423,spinach_supr_m,1
7786,3424,hawaiian_l,1
7787,3424,ital_supr_m,1
7788,3424,thai_ckn_l,1
7789,3424,veggie_veg_m,1
7790,3425,ital_cpcllo_l,1
7791,3426,mediterraneo_s,1
7792,3426,spicy_ital_l,1
7793,3427,cali_ckn_s,1
7794,3427,pepperoni_m,1
7795,3428,five_cheese_l,1
7796,3428,thai_ckn_l,1
7797,3429,spin_pesto_s,1
7798,3429,spinach_supr_m,1
7799,3430,mediterraneo_l,1
7800,3430,pepperoni_s,1
7801,3430,veggie_veg_s,1
7802,3431,cali_ckn_s,1
7803,3431,pep_msh_pep_l,1
7804,3431,pepperoni_s,1
7805,3432,green_garden_s,1
7806,3432,pepperoni_l,1
7807,3432,spicy_ital_l,1
7808,3433,four_cheese_l,1
7809,3433,veggie_veg_m,1
7810,3434,classic_dlx_s,1
7811,3434,pepperoni_s,1
7812,3435,spicy_ital_m,1
7813,3436,napolitana_m,1
7814,3436,southw_ckn_l,1
7815,3436,spinach_fet_m,1
7816,3436,spinach_fet_s,1
7817,3437,pep_msh_pep_l,1
7818,3437,southw_ckn_l,1
7819,3438,mediterraneo_s,1
7820,3439,ital_veggie_l,1
7821,3440,ckn_alfredo_m,1
7822,3440,ital_supr_l,1
7823,3440,prsc_argla_s,1
7824,3440,sicilian_l,1
7825,3441,classic_dlx_s,1
7826,3442,peppr_salami_l,1
7827,3442,southw_ckn_l,1
7828,3443,big_meat_s,1
7829,3443,pepperoni_m,1
7830,3443,sicilian_s,1
7831,3444,bbq_ckn_l,1
7832,3444,cali_ckn_l,2
7833,3444,soppressata_s,1
7834,3445,big_meat_s,1
7835,3445,mediterraneo_m,1
7836,3445,the_greek_l,1
7837,3446,spinach_supr_l,1
7838,3446,veggie_veg_m,1
7839,3447,hawaiian_s,1
7840,3447,pepperoni_s,1
7841,3447,spicy_ital_l,1
7842,3447,thai_ckn_s,1
7843,3448,big_meat_s,1
7844,3448,mediterraneo_s,1
7845,3448,prsc_argla_l,1
7846,3448,thai_ckn_m,1
7847,3449,napolitana_l,1
7848,3449,pepperoni_m,2
7849,3449,peppr_salami_l,1
7850,3450,bbq_ckn_m,1
7851,3450,cali_ckn_l,1
7852,3450,sicilian_s,1
7853,3451,classic_dlx_l,1
7854,3451,pepperoni_l,1
7855,3452,classic_dlx_m,1
7856,3452,ital_cpcllo_l,1
7857,3452,thai_ckn_l,1
7858,3453,thai_ckn_l,1
7859,3454,big_meat_s,1
7860,3454,calabrese_l,1
7861,3454,four_cheese_l,1
7862,3454,spicy_ital_l,1
7863,3455,bbq_ckn_m,1
7864,3455,green_garden_s,1
7865,3455,pepperoni_m,1
7866,3456,bbq_ckn_m,1
7867,3456,southw_ckn_l,1
7868,3457,green_garden_l,1
7869,3457,peppr_salami_m,1
7870,3458,green_garden_l,1
7871,3458,peppr_salami_l,1
7872,3459,cali_ckn_l,1
7873,3459,ital_cpcllo_l,1
7874,3460,bbq_ckn_l,1
7875,3460,cali_ckn_l,1
7876,3460,pep_msh_pep_s,1
7877,3461,ital_cpcllo_l,1
7878,3461,napolitana_l,1
7879,3462,calabrese_l,1
7880,3462,the_greek_l,1
7881,3463,green_garden_s,1
7882,3463,spicy_ital_l,1
7883,3464,cali_ckn_m,1
7884,3464,four_cheese_l,1
7885,3464,spinach_supr_m,1
7886,3465,hawaiian_s,1
7887,3466,peppr_salami_l,1
7888,3467,mediterraneo_s,1
7889,3467,spinach_supr_s,1
7890,3467,veggie_veg_m,1
7891,3468,thai_ckn_l,1
7892,3469,prsc_argla_m,1
7893,3470,four_cheese_m,1
7894,3470,spin_pesto_l,1
7895,3471,spicy_ital_m,1
7896,3472,spinach_supr_m,1
7897,3473,bbq_ckn_l,1
7898,3473,calabrese_m,1
7899,3473,cali_ckn_l,1
7900,3473,ckn_pesto_s,1
7901,3473,four_cheese_m,1
7902,3473,green_garden_s,1
7903,3473,hawaiian_l,1
7904,3473,ital_supr_m,1
7905,3473,pep_msh_pep_l,1
7906,3473,peppr_salami_s,1
7907,3473,southw_ckn_l,1
7908,3473,spicy_ital_l,1
7909,3473,spicy_ital_s,1
7910,3473,veggie_veg_m,1
7911,3474,big_meat_s,1
7912,3474,spin_pesto_m,1
7913,3475,southw_ckn_s,1
7914,3476,four_cheese_l,1
7915,3476,green_garden_s,1
7916,3476,napolitana_s,1
7917,3476,pep_msh_pep_l,1
7918,3476,prsc_argla_m,1
7919,3476,sicilian_m,1
7920,3476,spinach_supr_m,1
7921,3477,sicilian_l,1
7922,3478,mexicana_l,1
7923,3479,five_cheese_l,2
7924,3480,the_greek_xl,1
7925,3481,soppressata_s,1
7926,3482,bbq_ckn_m,1
7927,3482,big_meat_s,1
7928,3482,southw_ckn_m,1
7929,3483,five_cheese_l,1
7930,3483,southw_ckn_l,1
7931,3483,thai_ckn_m,1
7932,3483,the_greek_xl,1
7933,3484,classic_dlx_m,1
7934,3484,napolitana_l,1
7935,3485,spicy_ital_l,1
7936,3486,green_garden_s,1
7937,3487,brie_carre_s,1
7938,3488,five_cheese_l,1
7939,3488,ital_supr_l,1
7940,3489,bbq_ckn_l,1
7941,3490,bbq_ckn_m,1
7942,3490,pep_msh_pep_l,1
7943,3490,spinach_fet_m,1
7944,3491,pep_msh_pep_l,1
7945,3492,mediterraneo_l,1
7946,3492,southw_ckn_l,1
7947,3493,ckn_alfredo_l,1
7948,3493,five_cheese_l,1
7949,3493,pep_msh_pep_s,1
7950,3493,peppr_salami_m,1
7951,3494,green_garden_s,1
7952,3494,hawaiian_l,1
7953,3494,spicy_ital_l,1
7954,3495,four_cheese_l,1
7955,3495,spinach_fet_s,1
7956,3496,big_meat_s,1
7957,3496,five_cheese_l,1
7958,3496,hawaiian_m,1
7959,3497,mediterraneo_m,1
7960,3497,spicy_ital_l,1
7961,3497,spinach_supr_s,1
7962,3498,veggie_veg_m,1
7963,3499,hawaiian_l,1
7964,3499,mediterraneo_s,1
7965,3499,napolitana_s,1
7966,3500,bbq_ckn_m,1
7967,3500,ital_cpcllo_s,1
7968,3500,spinach_supr_m,1
7969,3501,four_cheese_l,1
7970,3501,prsc_argla_m,1
7971,3501,spicy_ital_m,1
7972,3502,ckn_alfredo_m,1
7973,3502,ital_veggie_s,1
7974,3502,southw_ckn_m,1
7975,3502,veggie_veg_l,1
7976,3503,four_cheese_l,1
7977,3503,hawaiian_s,1
7978,3503,pep_msh_pep_s,1
7979,3504,big_meat_s,1
7980,3504,soppressata_l,1
7981,3505,bbq_ckn_l,1
7982,3505,big_meat_s,1
7983,3505,pepperoni_m,1
7984,3506,sicilian_s,1
7985,3506,thai_ckn_m,1
7986,3507,soppressata_m,1
7987,3507,spinach_supr_m,1
7988,3508,bbq_ckn_s,1
7989,3508,cali_ckn_m,1
7990,3508,ital_supr_l,1
7991,3509,four_cheese_l,1
7992,3509,green_garden_l,1
7993,3509,hawaiian_l,1
7994,3509,the_greek_xl,1
7995,3510,cali_ckn_m,1
7996,3510,cali_ckn_s,1
7997,3510,mediterraneo_s,1
7998,3510,sicilian_l,1
7999,3511,calabrese_m,1
8000,3511,mediterraneo_s,1
8001,3511,pepperoni_m,1
8002,3511,the_greek_l,1
8003,3512,bbq_ckn_s,1
8004,3512,cali_ckn_s,1
8005,3512,ital_supr_m,1
8006,3512,spicy_ital_l,1
8007,3513,green_garden_m,1
8008,3514,ckn_pesto_l,1
8009,3514,mediterraneo_l,1
8010,3515,mediterraneo_l,1
8011,3516,hawaiian_l,1
8012,3516,spicy_ital_s,1
8013,3516,thai_ckn_m,1
8014,3516,veggie_veg_l,1
8015,3517,ital_cpcllo_m,1
8016,3517,spicy_ital_s,1
8017,3518,big_meat_s,1
8018,3518,cali_ckn_m,1
8019,3519,five_cheese_l,1
8020,3519,four_cheese_l,1
8021,3520,mexicana_l,1
8022,3520,veggie_veg_m,1
8023,3521,pepperoni_l,1
8024,3521,spinach_supr_m,1
8025,3522,ckn_pesto_s,1
8026,3522,green_garden_s,1
8027,3522,hawaiian_s,1
8028,3522,spinach_fet_m,1
8029,3523,mexicana_m,1
8030,3524,classic_dlx_m,1
8031,3524,mexicana_s,1
8032,3524,veggie_veg_m,1
8033,3525,cali_ckn_m,1
8034,3525,ckn_pesto_s,1
8035,3525,spinach_fet_l,1
8036,3526,hawaiian_l,1
8037,3527,classic_dlx_s,1
8038,3527,pep_msh_pep_m,1
8039,3527,the_greek_xl,1
8040,3528,big_meat_s,1
8041,3528,ital_supr_l,1
8042,3528,napolitana_l,1
8043,3528,sicilian_l,1
8044,3529,ital_cpcllo_l,1
8045,3529,peppr_salami_m,1
8046,3530,classic_dlx_s,1
8047,3530,green_garden_s,1
8048,3530,veggie_veg_m,1
